supplier,supplier_label,supplier_name,spend,transactions
GB383363440,Redacted,Redacted,108870420.86,36616
GB287158171,Greater Manchester Combined Authori,Greater Manchester Combined Authori,72994202.66,102
163782,HMRC CUMBERNAULD,HMRC CUMBERNAULD,49471972.62,312
GB813047950,Amey LG Ltd,Amey LG Ltd,34423618.16,1308
102324,GREATER MANCHESTER SUPERANN FUND,GREATER MANCHESTER SUPERANN FUND,27804531.15,127
102323,TEACHERS PENSIONS,TEACHERS PENSIONS,23169066.08,121
GB654415538,Manchester University NHS FT,Manchester University NHS FT,10272479.24,143
154413,Maria Mallaband 16 Ltd,Maria Mallaband 16 Ltd,8449732.790000001,4438
GB475244479,PIC MAGS Limited T/A PIC Homes,PIC MAGS Limited T/A PIC Homes,7893403.4399999995,14
GB835515525,Reed Specialist Recruitment Ltd,Reed Specialist Recruitment Ltd,6439632.76,299
149263,Future Directions CIC,Future Directions CIC,4505004.64,1285
100160,Creative Support Ltd,Creative Support Ltd,4263920.54,2065
145249,Kids Planet Day Nurseries,Kids Planet Day Nurseries,3921026.43,369
GB223413506,Galliford Try Building Limited,Galliford Try Building Limited,3593089.9,7
GB611400506,The Together Trust,The Together Trust,3569289.51,369
GB787455180,VOYAGE LTD,VOYAGE LTD,3399223.74,728
GB588646475,George Cox & Sons Ltd,George Cox & Sons Ltd,3277573.28,17
160479,Compassionate Care & Support Ltd,Compassionate Care & Support Ltd,3038168.48,839
134687,Away Day Care Ltd,Away Day Care Ltd,2886364.06,1617
144698,Manor Academy (Sovereign Trust),Manor Academy (Sovereign Trust),2727430.9,18
163242,Cherish UK Limited,Cherish UK Limited,2171205.61,10652
163801,Arielle's Care Ltd,Arielle's Care Ltd,2165682.91,4957
156968,Kingsley Care Homes Ltd,Kingsley Care Homes Ltd,2080757.17,1273
146391,Imagine Act and Succeed (IAS),Imagine Act and Succeed (IAS),2069898.9,952
162877,The Orchards,The Orchards,2043784.36,13
GB927516117,Bright Horizons Family Solutions Lt,Bright Horizons Family Solutions Lt,2008165.17,153
166758,Care Outlook Ltd,Care Outlook Ltd,1988817.38,5630
154721,Pictor Academy (Sovereign Trust),Pictor Academy (Sovereign Trust),1958252.0,14
159568,Falcon Carers Ltd,Falcon Carers Ltd,1880118.02,5384
144240,Absolute Care at Home Ltd,Absolute Care at Home Ltd,1843271.18,8568
159949,Delta Care Ltd,Delta Care Ltd,1827884.38,10260
GB438590270,Kier Construction Ltd,Kier Construction Ltd,1781461.04,5
GB149283837,Salford City Council,Salford City Council,1778706.0899999999,30
100667,Making Space,Making Space,1776985.17,318
GB481229685,The David Lewis Centre,The David Lewis Centre,1757788.54,216
GB818290029,Drax Energy Solutions Ltd,Drax Energy Solutions Ltd,1752638.44,2256
104228,Stockdales,Stockdales,1724335.39,557
GB795928947,NSL Ltd,NSL Ltd,1701043.46,33
GB578153121,Sale PFI Ltd,Sale PFI Ltd,1612627.18,16
102296,Flixton Manor,Flixton Manor,1498902.77,1347
GB901576633,UPS Building & Maintenance Limited,UPS Building & Maintenance Limited,1492102.55,978
GB603530385,The Trafford College Group,The Trafford College Group,1491734.57,515
167674,BLUESTONES MEDICAL COMPLEX CARE,BLUESTONES MEDICAL COMPLEX CARE,1470230.59,76
GB208544806,Constellia Public Ltd,Constellia Public Ltd,1467419.99,123
161020,Longford Park School (Sovereign Tru,Longford Park School (Sovereign Tru,1436187.0,21
146858,Kinglsey Healthcare,Kinglsey Healthcare,1420564.6,802
100420,Bradley House Limited,Bradley House Limited,1392808.0,923
GB124590032,Northwest Hotels Ltd T/A Amblehurst,Northwest Hotels Ltd T/A Amblehurst,1382948.0,104
GB286168565,Passenger Minibuses Manchester Ltd,Passenger Minibuses Manchester Ltd,1355910.43,273
GB654969186,Northumbria Healthcare NHS FT,Northumbria Healthcare NHS FT,1352661.85,1014
GB634165253,Carrington Riding Centre Ltd,Carrington Riding Centre Ltd,1303051.53,91
GB755349015,Phoenix Software Ltd,Phoenix Software Ltd,1295540.53,48
164177,Cathedral Care Services Ltd,Cathedral Care Services Ltd,1286615.55,3670
GB158556040,Stockport MBC (Accts Receiveable),Stockport MBC (Accts Receiveable),1276936.46,15
161050,Key Care & Support Ltd,Key Care & Support Ltd,1195195.78,910
GB427979538,Trafford Bruntwood (Stamf Qtr) LLP,Trafford Bruntwood (Stamf Qtr) LLP,1190126.33,9
GB809119040,Bedspace Resource Ltd,Bedspace Resource Ltd,1168479.24,2138
155181,JP4LIFE Ltd T/A Prolife Healthcare,JP4LIFE Ltd T/A Prolife Healthcare,1163607.31,4726
GB367728159,Consensus (2013) Limited,Consensus (2013) Limited,1127906.28,210
101152,St John Vianney School,St John Vianney School,1126497.07,134
100166,Trafford Domestic Abuse Svc (TDAS),Trafford Domestic Abuse Svc (TDAS),1120536.5,35
104153,Fairfield Care Ltd,Fairfield Care Ltd,1119901.68,269
166479,Sakinas Healthcare Limited,Sakinas Healthcare Limited,1111489.09,6453
159829,Passion Home Care Ltd,Passion Home Care Ltd,1063372.5999999999,3314
GB636407636,I Care (GB) Ltd,I Care (GB) Ltd,1032265.24,3430
102285,The Cedars Rest Home,The Cedars Rest Home,1011796.5299999999,743
GB151562580,Westshield Ltd,Westshield Ltd,987644.63,6
164503,Ignite Health Care Ltd,Ignite Health Care Ltd,983908.5599999999,2873
GB221620065,Trafford Leisure CIC Ltd,Trafford Leisure CIC Ltd,977543.8,102
GB481629763,Bright Futures Care Ltd,Bright Futures Care Ltd,973880.66,74
GB391171065,Civica UK Limited,Civica UK Limited,956537.22,166
GB902188441,Acorn Care & Education Ltd,Acorn Care & Education Ltd,924239.48,202
GB248280396,Cygnet Care Services Limited,Cygnet Care Services Limited,923945.08,117
GB239731641,BUPA CARE SERVICES,BUPA CARE SERVICES,908035.25,795
GB915896970,Lifeways Paragon Ltd,Lifeways Paragon Ltd,885806.12,559
GB594959072,Care UK Community Partnerships Ltd,Care UK Community Partnerships Ltd,878600.12,494
158101,Highland Ornate Ltd,Highland Ornate Ltd,878592.2,3681
165120,Prosperity Plus Healthcare Limited,Prosperity Plus Healthcare Limited,877635.71,3960
166265,VSPG Housing 2 LTD,VSPG Housing 2 LTD,843476.0,36
102046,ZURICH MUNICIPAL,ZURICH MUNICIPAL,825000.0,13
GB915896970,Lifeways Paragon Ltd,Lifeways Community Care Limited,817176.7,257
GB264345501,Autism Initiatives,Autism Initiatives,810543.1,309
160256,Excel Care (UK) Ltd,Excel Care (UK) Ltd,800070.9500000001,331
163542,Eco Babe Private Day Nursery Ltd,Eco Babe Private Day Nursery Ltd,791895.31,50
102468,BARCLAYS CAPITAL,BARCLAYS CAPITAL,785066.44,4
126515,Precious Little Ones t/a Bright Fut,Precious Little Ones t/a Bright Fut,779312.9,54
103502,Sale Private Day Nursery Ltd,Sale Private Day Nursery Ltd,772210.53,69
GB221133861,Ideal Carehomes (Number One) Ltd,Ideal Carehomes (Number One) Ltd,764138.73,663
102557,Heathside Care Home Ltd,Heathside Care Home Ltd,759476.37,654
100306,Jemcare Ltd,Jemcare Ltd,758999.32,760
164860,BeKind Care Limited,BeKind Care Limited,757000.01,25
166905,Green Apartments London Ltd,Green Apartments London Ltd,750700.23,28
130427,Irlam Road Nursery,Irlam Road Nursery,745858.1,49
103483,Storal Learning Ltd,Storal Learning Ltd,745384.22,65
101997,PRUDENTIAL LIFE & PENSIONS,PRUDENTIAL LIFE & PENSIONS,728242.66,76
GB654929594,Greater Manchester Mental Health NH,Greater Manchester Mental Health NH,715054.5,20
148732,Zeno Ltd,Zeno Ltd,704532.02,62
GB156725100,NHS Property Services Ltd,NHS Property Services Ltd,703346.57,47
140273,Canterbury Road Day Nursery Ltd,Canterbury Road Day Nursery Ltd,699545.38,60
167284,Aaban Partnership Ltd,Aaban Partnership Ltd,694713.9,30
GB483617173,Tile Hill,Tile Hill,692195.0,43
GB328498070,Alined Construction Ltd,Alined Construction Ltd,679565.6,5
166954,Claremont Care Home Ltd,Claremont Care Home Ltd,678900.5399999999,679
161912,Amberley Care Home Ltd,Amberley Care Home Ltd,678653.19,520
113502,Caritas Services Ltd,Caritas Services Ltd,677148.06,84
GB815840331,Gallaway Construction Ltd,Gallaway Construction Ltd,675590.94,13
147121,Hale Day Nursery Ltd,Hale Day Nursery Ltd,667735.27,64
101090,Elmscot Day Nursery Ltd,Elmscot Day Nursery Ltd,662402.63,45
167070,Wyncourt Nursing Home Ltd,Wyncourt Nursing Home Ltd,662239.1,365
102064,Oldfield Bank Residential Care Home,Oldfield Bank Residential Care Home,655167.78,686
166584,A Wilderness Way Ltd,A Wilderness Way Ltd,651449.46,27
GB765332033,Dimensions UK Ltd,Dimensions UK Ltd,649404.61,168
128474,Victoria Road Day Nursery,Victoria Road Day Nursery,639707.34,57
GB317880385,Cucumber Recruitment Ltd,Cucumber Recruitment Ltd,627913.19,263
167953,Team Lifestyle Group LTD,Team Lifestyle Group LTD,625190.94,35
GB411348137,Rossendale Sch - Aspris Child Svcs,Rossendale Sch - Aspris Child Svcs,624694.79,42
GB324544220,Salutem LD Bidco IV Ltd T/A Ambito,Salutem LD Bidco IV Ltd T/A Ambito,622271.08,125
GB654468901,NHS Greater Manchester ICB,NHS Greater Manchester ICB,608078.75,47
167018,Tulip Mental Health and Com care,Tulip Mental Health and Com care,604800.74,24
GB454091694,OLYMPIC/GOODWINS CARS LTD,OLYMPIC/GOODWINS CARS LTD,600558.48,91
159785,Llyon Health Ltd,Llyon Health Ltd,593691.6799999999,2210
156692,Inicio Group Ltd,Inicio Group Ltd,591219.94,226
GB116532927,The Networking People (TNP) Ltd,The Networking People (TNP) Ltd,588714.41,108
130428,Woodlands Nursery Ltd,Woodlands Nursery Ltd,587876.51,65
GB438951655,New Care Projects Sale (OPCO) Ltd,New Care Projects Sale (OPCO) Ltd,586838.46,459
GB184973948,PossAbilities CIC,PossAbilities CIC,574951.2,434
103503,The Village Nursery (Trafford) Ltd,The Village Nursery (Trafford) Ltd,574170.24,61
100601,Jemcare Ltd,Jemcare Ltd,571607.07,495
103507,Tiny Feet Private Day Nursery,Tiny Feet Private Day Nursery,571302.38,50
159730,Hind Care Ltd T/A Brookfield,Hind Care Ltd T/A Brookfield,562703.1,390
103899,Seashell Trust Ltd,Seashell Trust Ltd,561363.88,47
GB755243136,Methodist Homes (MHA),Methodist Homes (MHA),557539.5599999999,477
154824,Broussa Day Nursery Ltd,Broussa Day Nursery Ltd,552154.75,52
131504,ST Vincent's Nursery,ST Vincent's Nursery,548686.12,52
160135,We Support Ltd,We Support Ltd,547753.89,169
GB927406812,The Knoll Care Partnership ltd,The Knoll Care Partnership ltd,545588.07,335
GB349860318,Eric Wright Construction Ltd,Eric Wright Construction Ltd,545428.67,14
GB743731030,Chrysalis Community Group Limited,Chrysalis Community Group Limited,544020.86,4076
GB190023541,Cambian Childcare Ltd,Cambian Childcare Ltd,540732.12,37
GB974825769,Weightmans LLP,Weightmans LLP,539952.2,701
126135,Premier Care Limited,Premier Care Limited,537539.48,790
GB107831677,Zurich Insurance plc,Zurich Insurance plc,537002.3400000001,3
152093,Ordinary Lifestyles,Ordinary Lifestyles,532938.07,349
GB475189061,Veezu North Ltd T/A Club Cars,Veezu North Ltd T/A Club Cars,532340.76,276
166420,Embrace Care Ltd,Embrace Care Ltd,527367.31,135
GB382297175,Park Homes UK Ltd,Park Homes UK Ltd,523986.93000000005,611
159110,Skydda Homes Ltd T/A Urmston Manor,Skydda Homes Ltd T/A Urmston Manor,523706.17,409
160085,RK Travel Ltd,RK Travel Ltd,523635.0,71
164226,Ultimate Care Limited,Ultimate Care Limited,523524.58999999997,449
GB705850636,MHR International Ltd,MHR International Ltd,508920.0,12
GB473001821,Imperial Hospitality Management Ltd,Imperial Hospitality Management Ltd,508885.0,13
GB927406812,The Knoll Care Partnership ltd,The Knoll Care Partnership Ltd,507160.3,39
104992,Equilibrium Healthcare Ltd,Equilibrium Healthcare Ltd,505394.4,225
GB149151958,Manchester City Council,Manchester City Council,504702.87,343
GB484746209,Arthur J Gallagher Ins Brokers Ltd,Arthur J Gallagher Ins Brokers Ltd,503786.92,30
118889,Fresh Start Independence Project,Fresh Start Independence Project,501986.84,844
GB154708754,Warden Construction Ltd,Warden Construction Ltd,495643.58999999997,3
163326,Northern Healthcare Limited,Northern Healthcare Limited,493016.4,177
GB217967235,Balfour Beatty Civil Engineering Lt,Balfour Beatty Civil Engineering Lt,488187.33,12
101675,Oakfield Nursery School Ltd,Oakfield Nursery School Ltd,487507.98,43
162875,Lime Tree Primary Academy,Lime Tree Primary Academy,484863.04,26
135212,Juice Nursery Ltd,Juice Nursery Ltd,481416.99,43
GB254363408,LTE Group (Manchester College),LTE Group (Manchester College),480700.68,223
GB362561988,Barton Huxley Management LTD,Barton Huxley Management LTD,478945.35,21
149095,Standwalk Ltd,Standwalk Ltd,471217.28,99
168160,New Moon Residential Ltd,New Moon Residential Ltd,468827.64,16
103460,Happitots Day Nursery,Happitots Day Nursery,463366.26,45
158978,Park Avenue Montessori Nursery Ltd,Park Avenue Montessori Nursery Ltd,456331.39,53
103472,Atherton House Nursery Ltd,Atherton House Nursery Ltd,456254.17,48
166567,Covy Childrens Homes Ltd,Covy Childrens Homes Ltd,453431.45,31
GB927438206,Liquidlogic Ltd,Liquidlogic Ltd,450020.47,67
GB851614337,B&S Travel Limited,B&S Travel Limited,447271.5,47
103443,Copper Beeches Day Nursery Ltd,Copper Beeches Day Nursery Ltd,446023.23,47
GB248280396,Cygnet Care Services Limited,Everycorner Ltd t/a Lowry House,440924.29,63
GB686845080,Cumberland & Westmorland Schools Lt,Cumberland & Westmorland Schools Lt,438023.42,90
GB481207014,Birtenshaw,Birtenshaw,436785.49,72
103439,ALPHABETS DAY NURSERIES,ALPHABETS DAY NURSERIES,436762.33,48
GB422773303,LRP Building Services Limited,LRP Building Services Limited,436576.69,36
162046,Pure Care Homes Ltd,Pure Care Homes Ltd,434035.83,48
155042,Mayfield Care Home Ltd,Mayfield Care Home Ltd,425931.73,423
164717,WT UK Opco 4 Limited,WT UK Opco 4 Limited,425883.42,299
121208,Chester Road Private Day Nursery,Chester Road Private Day Nursery,425140.49,62
103448,Mulberry House Day Nursery Ltd,Mulberry House Day Nursery Ltd,421910.01,64
GB560246068,Mental Health Care (UK) Ltd,Mental Health Care (UK) Ltd,414749.37,37
155256,Star Domiciliary Care Ltd,Star Domiciliary Care Ltd,412378.68,2248
GB899322375,Leonard Cheshire Disability,Leonard Cheshire Disability,410351.74,437
166988,KIDS INC RESIDENTIAL SERVICES LTD,KIDS INC RESIDENTIAL SERVICES LTD,409860.0,13
GB261300550,Architrail Velosolutions UK Ltd,Architrail Velosolutions UK Ltd,406488.1,6
165214,Palmlove Care Services Ltd,Palmlove Care Services Ltd,403388.13,2002
157113,London & Manchester Healthcare,London & Manchester Healthcare,402958.7,160
161274,BeeCared4 Ltd,BeeCared4 Ltd,399637.37,2128
155459,Abbotsford Preparatory School Ltd,Abbotsford Preparatory School Ltd,398895.81,63
163103,Lifestyle by Homecare Services Ltd,Lifestyle by Homecare Services Ltd,398880.23,2521
157184,Brentwood Community College,Brentwood Community College,398196.0,12
158360,ROC Northwest Ltd,ROC Northwest Ltd,397076.58,51
GB218154815,Salford City College,Salford City College,393689.31,99
155067,Eureka Day Nurseries Ltd,Eureka Day Nurseries Ltd,392806.24,78
103601,Care Support & Dom Services Ltd,Care Support & Dom Services Ltd,392065.78,319
GB411348137,Rossendale Sch - Aspris Child Svcs,Aspris Child Svcs Ltd Arden College,385529.94,9
GB707999869,National Teaching & Adv Service Ltd,National Teaching & Adv Service Ltd,382078.4,362
GB205671424,Tordan Healthcare Limited,Tordan Healthcare Limited,376138.82,49
138724,LITTLE PETALS DAY NURSEY LTD,LITTLE PETALS DAY NURSEY LTD,374897.4,47
167657,Cumulus Care Services,Cumulus Care Services,374059.99,27
GB478343949,Chaigeley Educational Foundation,Chaigeley Educational Foundation,373243.68,160
GB212968892,Lakeview Health Care Ltd,Lakeview Health Care Ltd,373086.93,63
GB303236743,Trafford Carers Centre,Trafford Carers Centre,370989.5,19
103444,Cornhill Kindergarten Limited,Cornhill Kindergarten Limited,370600.0,43
158541,CC Childcare Limited,CC Childcare Limited,368459.79,47
149353,Aspris Care North West,Aspris Care North West,367087.66,23
102910,Equilibrium Healthcare Ltd,Equilibrium Healthcare Ltd,367034.56,178
GB156017329,Irwell Valley Housing Association,Irwell Valley Housing Association,366573.4,69
GB876336195,Great Places Housing Association,Great Places Housing Association,364346.5,19
100806,Hind Care Ltd,Hind Care Ltd,363851.72000000003,260
GB773961880,L&Q T/A London & Quadrant Housing T,L&Q T/A London & Quadrant Housing T,361050.36,37
153948,HG Care Services Ltd,HG Care Services Ltd,357396.35000000003,209
GB823809031,Alternative Futures Group Ltd,Alternative Futures Group Ltd,355139.93,98
GB121527841,North Cestrian School,North Cestrian School,353919.8,32
GB158112523,SignHealth,SignHealth,349912.82,111
GB167220813,Youbus Ltd,Youbus Ltd,341049.72000000003,57
166563,Brinscall Care Limited,Brinscall Care Limited,328500.0,15
GB834851512,Sale High School,Sale High School,326021.4,8
GB441901809,Global Make-Up Hair Prod Acad Ltd,Global Make-Up Hair Prod Acad Ltd,323122.71,73
GB945693968,North Lakes Children`s Services Ltd,North Lakes Children`s Services Ltd,322057.85,23
GB297280913,Wave - Anglian Water Business (Natl,Wave - Anglian Water Business (Natl,318572.73,1921
103442,Chestnuts Day Nursery,Chestnuts Day Nursery,318092.65,54
100675,Drew Care Ltd,Drew Care Ltd,316346.61,194
158216,Amaryllis Day Nursery Ltd,Amaryllis Day Nursery Ltd,315674.97,59
163615,Rank Events,Rank Events,315125.0,54
160142,Invitation 2 Play,Invitation 2 Play,314587.33999999997,54
102455,HMRC,HMRC,312282.75,14
133997,New Horizons (Stockport) Ltd,New Horizons (Stockport) Ltd,307722.2,39
149298,Social Care Services (Clayton) Ltd,Social Care Services (Clayton) Ltd,304598.32,91
163013,Divrse Ltd,Divrse Ltd,303606.26,31
GB195388946,Partington Central Academy,Partington Central Academy,302798.17,19
GB588902488,Manchester YMCA,Manchester YMCA,302780.0,105
157476,Best At Home Adult Care Private Ltd,Best At Home Adult Care Private Ltd,299144.07,1536
151181,Afifah Primary SchoolÂ,Afifah Primary SchoolÂ,291667.77,44
153449,Pro Support Ltd,Pro Support Ltd,291612.87,108
GB577704800,Corona Energy Retail 4 Limited,Corona Energy Retail 4 Limited,290833.39,570
162109,St Antonys RC School (Academy),St Antonys RC School (Academy),290625.29,32
GB975281879,Precedo Healthcare Services Ltd,Precedo Healthcare Services Ltd,289741.28,339
GB494703129,Sap (UK) Ltd,Sap (UK) Ltd,289502.9,3
GB939330804,Ameon Utilities Ltd,Ameon Utilities Ltd,289113.7,3
156667,Mysa Care (Ardour) Ltd,Mysa Care (Ardour) Ltd,288990.97000000003,144
GB146594245,Transport for Greater Manchester,Transport for Greater Manchester,287654.05,30
162871,Acre Hall Primary School,Acre Hall Primary School,282622.0,12
GB371845576,XMA Ltd,XMA Ltd,280218.54,44
149353,Aspris Care North West,Sandcastle Care Ltd,280006.26,22
GB945776864,Deepdene Care Ltd,Deepdene Care Ltd,278410.13,271
100785,Sisters Of St Joseph CIO,Sisters Of St Joseph CIO,278371.32,229
165486,ICRIT Healthcare Ltd,ICRIT Healthcare Ltd,274648.38999999996,61
162185,Footsteps A Path To Change 08 Ltd,Footsteps A Path To Change 08 Ltd,273335.0,15
GB481889533,Thompsons Academy Ltd,Thompsons Academy Ltd,273305.82,161
GB927104637,Keys PCE Ltd,Keys PCE Ltd,273119.71,46
168154,Inspiring Learners Multi Academy Tr,Inspiring Learners Multi Academy Tr,271906.57,11
132196,Little Acorns Nurseries Ltd,Little Acorns Nurseries Ltd,271218.64,55
GB239278083,Altrincham Bid Ltd,Altrincham Bid Ltd,271044.76,19
101134,Ferrol Lodge Care Home Limited,Ferrol Lodge Care Home Limited,267381.42,212
GB736317923,CBRE Limited,CBRE Limited,265484.0,15
GB452765377,Altus Social Ltd,Altus Social Ltd,261323.91,307
167917,Nurture Care Group Ltd,Nurture Care Group Ltd,260240.50999999998,34
165643,Brookfield Care (NW) Ltd,Brookfield Care (NW) Ltd,257064.3,26
158719,Advocacy Focus,Advocacy Focus,256283.36,118
159800,London & Manchester Healthcare,London & Manchester Healthcare,256148.42,147
GB839835673,Mazars LLP,Mazars LLP,254657.5,3
167556,Age UK Salford & Trafford CIO,Age UK Salford & Trafford CIO,248703.05,610
163756,Trafford Community Collective,Trafford Community Collective,247086.0,16
GB153510496,F Parkinson Limited,F Parkinson Limited,246794.63,1
GB236778328,Stannah Lift Services Ltd,Stannah Lift Services Ltd,246623.41,48
167079,Springcare (Wythenshawe) Ltd,Springcare (Wythenshawe) Ltd,245086.11,213
166192,PBT Safer Care Ltd,PBT Safer Care Ltd,244170.72,593
137973,Kenwood Day Nursery Limited,Kenwood Day Nursery Limited,243966.49,37
GB119058320,Wellacre Technology Academy,Wellacre Technology Academy,243947.79,30
166486,Namdiv Ltd,Namdiv Ltd,243451.42,179
156659,Your Chapter,Your Chapter,241965.06,21
101988,Partington Parish Council,Partington Parish Council,241597.15,7
155982,Washway Road Day Nursery,Washway Road Day Nursery,240244.09,50
132374,ACORNS DAY NURSERY,ACORNS DAY NURSERY,239938.07,44
161441,Banana Moon Childcare Ltd,Banana Moon Childcare Ltd,239909.69,55
166919,Tiny Turtles Urmston,Tiny Turtles Urmston,237329.91,54
168139,Care in Mind Residential Svc(s) Ltd,Care in Mind Residential Svc(s) Ltd,236218.13,24
168577,JN HEALTHCARE GROUP LTD,JN HEALTHCARE GROUP LTD,233212.15,17
GB693380214,The Environment Partnership TEP Ltd,The Environment Partnership TEP Ltd,232249.44999999998,18
GB248280396,Cygnet Care Services Limited,Caireach Ltd t/a Cygnet Health,231325.71000000002,21
GB578153121,Sale PFI Ltd,Equans FM Limited,229781.26,27
GB212968892,Lakeview Health Care Ltd,Adswood Lodge Health Care Limited,229153.0,42
154962,AspireOne Care Ltd,AspireOne Care Ltd,228598.65,26
GB991265787,Whistl UK Ltd,Whistl UK Ltd,227389.47,621
GB524704461,Sense,Sense,227101.54,219
163956,Enabling Futures,Enabling Futures,226248.9,23
153914,Gorse Hill Studios Creative Communi,Gorse Hill Studios Creative Communi,225721.61,69
103506,Thorley Day Nursery,Thorley Day Nursery,225381.75,48
166194,Thrive Foster Care Ltd,Thrive Foster Care Ltd,225129.84,70
167530,Our Lady of the Rosary RC Primary,Our Lady of the Rosary RC Primary,224779.39,14
GB279776624,Mosscare St Vincents Housing Group,Mosscare St Vincents Housing Group,224670.15,16
162995,Ivy House Day Nursery Ltd,Ivy House Day Nursery Ltd,223256.49,49
168170,A-Triangle Care Ltd,A-Triangle Care Ltd,223180.0,14
GB372626585,Bibby BM Ltd,Bibby BM Ltd,222480.0,50
153277,Glenn Rees Project Ltd,Glenn Rees Project Ltd,222449.0,75
GB320058547,Rtech Group Ltd,Rtech Group Ltd,220603.44,227
128362,Unity Homes Ltd,Unity Homes Ltd,220021.73,169
GB478367733,Clear Steps Plus Education,Clear Steps Plus Education,219555.65,84
167130,XYP Childcare Limited,XYP Childcare Limited,218910.84000000003,28
GB461819771,TLC: Talk Listen Change,TLC: Talk Listen Change,217178.41999999998,27
168320,Solutions In Service Ltd,Solutions In Service Ltd,217113.75,30
GB315483507,ISW Care Services Ltd,ISW Care Services Ltd,217094.41,111
165667,Oakleaf Care Ltd,Oakleaf Care Ltd,216197.61,71
GB130891325,Five Rise Contractors,Five Rise Contractors,215244.44,10
165710,Independent Together Ltd,Independent Together Ltd,214984.26,89
143252,iMap Centre Ltd,iMap Centre Ltd,212062.44999999998,46
GB666416908,Speller Metcalfe Malvern Ltd,Speller Metcalfe Malvern Ltd,211988.07,3
144132,Coveleaf Ltd,Coveleaf Ltd,211870.72,142
GB734653818,Opening the Book Ltd,Opening the Book Ltd,211660.0,5
156667,Mysa Care (Ardour) Ltd,EAM House Ltd,210181.68,36
GB199401480,Kedleston (High Peak School) Ltd,Kedleston (High Peak School) Ltd,209434.40999999997,16
167854,Polar Childcare,Polar Childcare,209017.13999999998,15
168138,Mirador Care Ltd,Mirador Care Ltd,208800.0,7
103781,BICKHAM HOUSE,BICKHAM HOUSE,207620.06,215
149176,Forest Gate Academy,Forest Gate Academy,207013.34,16
167413,Hapin Care Ltd,Hapin Care Ltd,206470.71,13
GB982544196,AMW Lift and Mobility Services Ltd,AMW Lift and Mobility Services Ltd,205767.56,14
154250,Willow Tree Pre-School Limited,Willow Tree Pre-School Limited,205464.53,56
GB480844374,Remarkable Autism Ltd,Remarkable Autism Ltd,202489.9,8
167296,Bridgewater Nursery Limited,Bridgewater Nursery Limited,201980.2,63
151029,Park Road Sale Primary School,Park Road Sale Primary School,201683.0,16
103505,The Park Playgroup,The Park Playgroup,201119.85,62
GB903956413,AFJ Limited,AFJ Limited,200523.45,27
GB163737982,Hamptons Resourcing Ltd,Hamptons Resourcing Ltd,196906.63999999998,57
164708,Flixton Girls Sch Vantage Acad Tr,Flixton Girls Sch Vantage Acad Tr,195054.56,23
GB149193544,Tameside MBC,Tameside MBC,193378.13,26
151600,Heather Day Care Ltd,Heather Day Care Ltd,193186.77,807
165397,Enhanced Young Persons Care Limited,Enhanced Young Persons Care Limited,193128.01,61
167331,Cottongrass Homes Limited,Cottongrass Homes Limited,191176.28,120
GB361793182,Cheshire Tree Care Altrincham Ltd,Cheshire Tree Care Altrincham Ltd,191109.53,66
127029,HC-1 (Pendleton Court),HC-1 (Pendleton Court),188099.82,154
GB997724255,Easy Avenues Ltd,Easy Avenues Ltd,188008.8,680
168868,Blue Ribbon Healthcare Ltd,Blue Ribbon Healthcare Ltd,186527.88,16
100324,Macintyre Care,Macintyre Care,185110.84,20
165679,Little Stars Childcare Sale Ltd,Little Stars Childcare Sale Ltd,184953.13,39
149020,Right Step Limited,Right Step Limited,184340.85,165
154126,A Star Support Services Ltd,A Star Support Services Ltd,182961.88999999998,99
GB773961880,L&Q T/A London & Quadrant Housing T,London & Quadrant Housing Trust,182536.22,11
164802,When the Flag Drops Ltd,When the Flag Drops Ltd,182318.24,119
159437,Bollin Primary School,Bollin Primary School,180329.8,13
168533,Hudah Group Ltd,Hudah Group Ltd,179335.38,33
165736,Corpus Christi Catholic Acad Trust,Corpus Christi Catholic Acad Trust,178598.0,11
162873,Barton Clough Primary School,Barton Clough Primary School,175854.0,13
119381,Parallel Parents Ltd,Parallel Parents Ltd,175839.43,91
GB266567366,Alcedo Orange Limited,Alcedo Orange Limited,175082.68,499
168251,Onextra Care Ltd,Onextra Care Ltd,174600.0,8
162767,Cathmor Limited,Cathmor Limited,174364.74,91
GB626524835,HIGHFIELD ROAD,HIGHFIELD ROAD,173970.75,21
GB152606918,Focus Academy Trust UK Ltd,Focus Academy Trust UK Ltd,173752.72,16
164083,CFS Care,CFS Care,173631.1,69
156006,GGS Care Home Limited,GGS Care Home Limited,173388.77,115
149935,Bowdon Pre-school Ltd,Bowdon Pre-school Ltd,172565.11,23
GB192833974,Olive Branch Fostering Ltd,Olive Branch Fostering Ltd,172428.65,96
GB212968892,Lakeview Health Care Ltd,Thames Health Care Ltd,171947.41,21
GB809707706,Deloitte LLP,Deloitte LLP,171850.0,7
GB662490134,Environment Agency,Environment Agency,171110.51,15
158702,Inspiring Learners Multi Acad Trust,Inspiring Learners Multi Acad Trust,170980.0,13
GB981989739,Berry Recruitment Ltd,Berry Recruitment Ltd,170916.4,647
142871,Care Network Solutions Ltd,Care Network Solutions Ltd,170709.64,21
101870,Forest School Limited,Forest School Limited,170667.19,28
GB875793460,Identity Consult Group Limited,Identity Consult Group Limited,168581.98,46
162725,Manchester Prime Care Ltd,Manchester Prime Care Ltd,168215.25,451
GB416749083,Fair Ways Ltd,Fair Ways Ltd,167590.2,10
168941,Classic Care Homes (Devon) Limited,Classic Care Homes (Devon) Limited,167128.68,130
166960,Our Lady Of Lourdes Catholic Prim S,Our Lady Of Lourdes Catholic Prim S,166931.0,18
GB248280396,Cygnet Care Services Limited,Short Ground Limited,166869.74,21
GB611853162,AECOM Ltd,AECOM Ltd,166807.41,6
168407,One Home Uk Care LTD,One Home Uk Care LTD,166337.85,10
168467,Crystal Care Solutions,Crystal Care Solutions,165797.12,9
163938,Homes for Support,Homes for Support,164471.16,8
164060,London & Manchester Healthcare Ltd,London & Manchester Healthcare Ltd,164327.5,96
GB463395274,Affinity Workforce Solutions Ltd,Affinity Workforce Solutions Ltd,163238.01,305
167416,Flourish Fostering Limited,Flourish Fostering Limited,163175.38999999998,67
GB212968892,Lakeview Health Care Ltd,Acer Mews Health Care Limited,160576.86000000002,36
123367,Barton Clough Pre-School,Barton Clough Pre-School,160140.65,49
GB212968892,Lakeview Health Care Ltd,Church Walk Health Care Ltd,159284.85,36
168334,Key Care and Support Ltd,Key Care and Support Ltd,159174.0,30
168363,Next Steps Mental Healthcare Ltd,Next Steps Mental Healthcare Ltd,158505.84,64
468928919,Nestlings Care Ltd,Nestlings Care Ltd,157576.5,15
GB846225719,Ingenitech Limited,Ingenitech Limited,156766.5,55
GB448866928,RedCortex Ltd,RedCortex Ltd,156040.0,2
165357,Hollybank Trust,Hollybank Trust,155954.27000000002,32
100764,Home-Start Trafford,Home-Start Trafford,155333.0,9
104094,Barker Care Ltd,Barker Care Ltd,155247.49,97
161382,St Hildaâs CE Primary School,St Hildaâs CE Primary School,154989.0,13
GB367726459,Working on Wellbeing Ltd,Working on Wellbeing Ltd,154336.0,36
GB244804509,Beechkeys Ltd,Beechkeys Ltd,151251.01,25
GB444609683,City of Trees,City of Trees,150000.0,2
GB636137149,RingGo Ltd,RingGo Ltd,149891.6,57
115758,Loreto College,Loreto College,149845.13,39
163140,Sensory Housing Ltd,Sensory Housing Ltd,149473.15,68
137307,Stepping Stone Projects,Stepping Stone Projects,148266.78,180
GB769009015,Pollock Lifts Limited,Pollock Lifts Limited,147993.0,12
GB434205331,Castlefield Recruitment Ltd,Castlefield Recruitment Ltd,147616.59,69
162874,Elmridge Primary School,Elmridge Primary School,147339.0,10
167964,English Martyrs RC Primary School,English Martyrs RC Primary School,145946.0,9
GB348147388,Prospere Learn Trust Chorlt High,Prospere Learn Trust Chorlt High,145304.03,74
166952,Full Circle Care Ltd,Full Circle Care Ltd,145289.93,27
158655,Prepaid Financial Services Ltd,Prepaid Financial Services Ltd,145139.74,215
166407,Coed Du Hall Ltd,Coed Du Hall Ltd,144264.55000000002,76
GB915896970,Lifeways Paragon Ltd,Autism Care (UK) Ltd,144025.42,21
165574,Amore Complex Care Ltd,Amore Complex Care Ltd,143389.56,254
135891,The Care Company Plus Limited,The Care Company Plus Limited,143305.99,1011
167386,SMS Coaching Limited,SMS Coaching Limited,143042.0,12
GB120576340,HC-One Ltd,HC-One Ltd,142381.99,122
158931,Project Inc,Project Inc,141785.26,65
168770,Tanglewood Care Services Ltd,Tanglewood Care Services Ltd,140821.76,99
GB396432327,Allies and Morrison LLP,Allies and Morrison LLP,140434.69,7
GB156711312,Baltimore Consulting Ltd,Baltimore Consulting Ltd,139617.28,56
GB368710279,Orion Care Solutions Ltd,Orion Care Solutions Ltd,139306.0,74
167701,Partington Pre School LTD,Partington Pre School LTD,138855.8,33
GB169285327,Facultatieve Technologies Ltd,Facultatieve Technologies Ltd,138441.88,9
GB479789888,Blazing Stars Education Limited,Blazing Stars Education Limited,137782.87,22
168796,4Pureheart Ltd,4Pureheart Ltd,137571.45,11
GB629720917,Norwood Schools Limited,Norwood Schools Limited,136968.65,76
GB353869754,24x7 Ltd,24x7 Ltd,136786.68,33
168940,Classic Care Homes (Devon),Classic Care Homes (Devon),135866.6,95
GB141805532,Manchester Taxi Division Ltd,Manchester Taxi Division Ltd,133830.0,22
GB182819383,G2V Recruitment Group Ltd,G2V Recruitment Group Ltd,133278.43,57
GB812311285,VLC (Stairlifts) Limited,VLC (Stairlifts) Limited,133177.13,371
165961,Alcedo Care,Alcedo Care,132877.77,413
146711,Sale West Pre School Playgroup,Sale West Pre School Playgroup,132768.34,47
162634,Rioja Ltd,Rioja Ltd,132155.66,66
116729,Careconcepts Ltd,Careconcepts Ltd,131547.19,162
156574,Hexagon Care Services,Hexagon Care Services,131172.4,10
GB236868915,Civica Election Services Ltd,Civica Election Services Ltd,131127.29,53
GB927367300,SELECT SUPPORT PARTNERSHIPS LTD,SELECT SUPPORT PARTNERSHIPS LTD,129969.88,80
150739,Beanstalks Childcare Ltd,Beanstalks Childcare Ltd,129199.42,56
GB708224452,Q-PARK LTD,Q-PARK LTD,129176.92,43
GB613682739,LockIt Safe Ltd,LockIt Safe Ltd,128984.37,2
GB205072255,Unlimited Potential,Unlimited Potential,128000.0,4
154446,Gem & Jadeâs Happy Days Ltd,Gem & Jadeâs Happy Days Ltd,127594.5,40
GB231972268,The Abbeyfield Society,The Abbeyfield Society,126685.46,84
GB888815554,Department For Work & Pensions,Department For Work & Pensions,124660.66,2
103493,ST GEORGE'S PLAYGROUP,ST GEORGE'S PLAYGROUP,123353.89,59
152048,Amaryllis Pre-schoolÂ,Amaryllis Pre-schoolÂ,122433.36,45
158266,Just Childcare Ltd t/a Cherubs,Just Childcare Ltd t/a Cherubs,121577.09,19
103375,Potensial Ltd,Potensial Ltd,121281.89,42
167156,Altrincham Early Years Education Lt,Altrincham Early Years Education Lt,121161.77,38
GB337534688,PDR Travel Ltd,PDR Travel Ltd,120250.0,30
GB322559507,M & J Support Services CIC,M & J Support Services CIC,119849.11,286
157180,Westwood Homecare (North West) Ltd,Westwood Homecare (North West) Ltd,119636.83,261
103460,Happitots Day Nursery,Willow Tree Day Nursery Sale Ltd,118961.21,11
151313,Leigh Day & Co,Leigh Day & Co,118763.09,2
167128,Learn Active NW,Learn Active NW,117823.43000000001,56
GB303193733,Advanced Child Care Assessments Ltd,Advanced Child Care Assessments Ltd,117449.15,110
160001,Stamford Brook Preschool Ltd,Stamford Brook Preschool Ltd,116698.98,48
GB149200976,Rochdale MBC,Rochdale MBC,115753.29000000001,9
GB477991617,SME HCI T/A Vivup,SME HCI T/A Vivup,114992.23000000001,6
GB475966136,Dean Health LTD,Dean Health LTD,114042.01,533
165680,Little Sunshines Presch Partnership,Little Sunshines Presch Partnership,113994.51,65
GB141393527,MCR Blackcab Ltd,MCR Blackcab Ltd,113077.45,29
GB766800804,IDOX Software Ltd,IDOX Software Ltd,112804.05,20
100839,Halliwell Homes M/c Limited,Halliwell Homes M/c Limited,112123.51,96
GB20084738,Richmond Village Operations Ltd,Richmond Village Operations Ltd,111640.75,44
132214,DALESVIEW PARTNERSHIP,DALESVIEW PARTNERSHIP,111115.57,21
GB492435726,Randstad Solutions Ltd,Randstad Solutions Ltd,111112.98,392
GB259952452,Dobells Limited,Dobells Limited,110705.0,51
GB199872429,Freedom Communications (UK) Ltd,Freedom Communications (UK) Ltd,109914.41,38
166387,Keane Futures Ltd,Keane Futures Ltd,109626.0,60
GB369859813,Vision for Education Ltd,Vision for Education Ltd,109276.81999999999,160
GB420141559,STAFF RESOURCES LTD,STAFF RESOURCES LTD,109275.82,49
GB653370050,Nas Services Ltd,Nas Services Ltd,108695.01,25
119480,Cherryfield Homes Ltd,Cherryfield Homes Ltd,107732.73,84
GB163421683,H Jenkinson & Company Ltd,H Jenkinson & Company Ltd,106301.72,174
GB318741887,Friends of Stretford Public Hall,Friends of Stretford Public Hall,106001.84,77
102325,PRUDENTIAL LIFE & PENSIONS,PRUDENTIAL LIFE & PENSIONS,105274.81999999999,46
159778,Avensis Support Ltd,Avensis Support Ltd,105133.54,67
161939,Home to Schools Travel Ltd,Home to Schools Travel Ltd,104800.0,15
141510,The Joseph Cox Charity,The Joseph Cox Charity,104592.18,42
GB597265489,Quadient UK Ltd (formerly Neopost),Quadient UK Ltd (formerly Neopost),104269.81,16
GB626390829,UNISON,UNISON,103693.31,72
GB270589185,Advance Social Care Limited,Advance Social Care Limited,103596.15,152
150871,Healthwatch Trafford Ltd,Healthwatch Trafford Ltd,101702.25,9
126601,CRAEGMOOR HEALTHCARE,CRAEGMOOR HEALTHCARE,101354.52,20
160097,Rainbow Fostering Services Ltd,Rainbow Fostering Services Ltd,101182.88,30
GB887137581,Belong Ltd,Belong Ltd,100845.33,42
GB922742823,Groundwork Greater Manchester,Groundwork Greater Manchester,100700.1,5
103492,ST AMBROSE PREPARATORY SCHOOL,ST AMBROSE PREPARATORY SCHOOL,100324.94,15
GB198914644,Civic MEP Limited,Civic MEP Limited,100250.0,5
167534,Gravitas Care,Gravitas Care,99563.54,14
GB849738956,University of Manchester,University of Manchester,99395.95,26
GB980991275,Atamis T/A Atamis Ltd,Atamis T/A Atamis Ltd,99225.0,1
167489,Chamakh Property Services Ltd,Chamakh Property Services Ltd,98837.25,34
144287,Atlas Travel,Atlas Travel,98356.84,57
GB293366572,D A Languages Limited,D A Languages Limited,98203.44,3020
101996,Trafford United Credit Union Ltd,Trafford United Credit Union Ltd,97687.0,12
166144,Sleep and Therapy Services CIC,Sleep and Therapy Services CIC,97354.47,12
GB481682564,Safe Start School Ltd,Safe Start School Ltd,97266.65000000001,6
GB609668700,HF Trust Ltd,HF Trust Ltd,97184.25,20
GB218770886,HC-One Ltd (Kings Park),HC-One Ltd (Kings Park),96671.27,40
140660,LANGDON COMMUNITY,LANGDON COMMUNITY,96643.58,60
GB913384626,Catering Equipment Sales Limited,Catering Equipment Sales Limited,96282.43,936
GB447222460,Turning Point,Turning Point,96250.0,1
161758,Stepping Stones Childrens Homes Ltd,Stepping Stones Childrens Homes Ltd,95453.88,7
GB789250193,Hoist and Shower Chair Company Ltd,Hoist and Shower Chair Company Ltd,94032.05,31
163064,George Carnall Community Group CIC,George Carnall Community Group CIC,93174.22,11
GB888816061,Disclosure & Barring Service (CRB),Disclosure & Barring Service (CRB),93010.5,12
168075,Hallaton Manor Ltd,Hallaton Manor Ltd,92951.69,30
GB152904376,Wigan Council,Wigan Council,92566.0,2
156065,Power2 Ltd,Power2 Ltd,92423.5,16
167815,Aan Fusion Ltd,Aan Fusion Ltd,91262.75,14
150590,Maria Mallaband Properties (5) Ltd,Maria Mallaband Properties (5) Ltd,91231.61,89
GB628385120,Technogym UK Limited,Technogym UK Limited,90484.42,3
GB796642084,Barchester Health Ltd (Arbour Ct),Barchester Health Ltd (Arbour Ct),90293.0,63
133001,Voice of BME Trafford CIC,Voice of BME Trafford CIC,90246.75,12
GB222879785,Medgen Ltd,Medgen Ltd,89956.28,220
GB218770886,HC-One Ltd (Kings Park),HC-One Limited,89935.52,81
159507,Compass Fostering North Ltd,Compass Fostering North Ltd,89820.14,54
155036,Harbour Healthcare Ltd,Harbour Healthcare Ltd,89777.55,63
GB231508635,BlueSci Support CIC,BlueSci Support CIC,89353.54,22
164885,Alexandra Lodge Care Home,Alexandra Lodge Care Home,88760.4,66
163105,Tutis Foster Care,Tutis Foster Care,88629.3,48
153702,Sure Care (UK) Ltd,Sure Care (UK) Ltd,87318.28,58
GB0128940791,Three Circles Fostering,Three Circles Fostering,87055.49,88
GB290454204,Advinia Care Homes Ltd,Advinia Care Homes Ltd,86993.25,67
164535,Age Concern Manchester,Age Concern Manchester,86853.34,77
GB479632739,Saoirse Services Ltd,Saoirse Services Ltd,86790.0,23
132709,Salford Foundation Ltd,Salford Foundation Ltd,86567.0,5
GB577657579,Savills (UK) Ltd,Savills (UK) Ltd,86424.75,8
168674,CareTech Community Services Ltd,CareTech Community Services Ltd,86243.45,16
166570,DHCH14,DHCH14,86071.92,44
162683,Lagan's Foundation,Lagan's Foundation,85825.3,54
GB461582485,Progress Arc Ltd,Progress Arc Ltd,85671.32,4
103458,Hale Synagogue Nursery,Hale Synagogue Nursery,85141.17,32
GB811541759,GL Education Group Ltd,GL Education Group Ltd,85137.76,9
168137,JDW Consulting Ltd,JDW Consulting Ltd,85014.93000000001,42
GB358723175,Connect Care Patient Transport Ltd,Connect Care Patient Transport Ltd,84730.0,17
101497,Yorklea Nursing Home,Yorklea Nursing Home,84035.05,65
166730,Arrow Education Services,Arrow Education Services,83955.0,31
150991,Cheshire Grange,Cheshire Grange,82799.12,86
165747,Reach-In For Care,Reach-In For Care,82262.0,12
GB486704947,Prospero Group Ltd,Prospero Group Ltd,82174.03,171
GB896104112,Mary Hare School,Mary Hare School,81742.0,5
163497,Busy Bees Nurseries Ltd (Sale),Busy Bees Nurseries Ltd (Sale),81388.29,8
167334,All Season Care ltd,All Season Care ltd,81206.47,14
GB407940059,Washington Direct Mail Ltd (WDM),Washington Direct Mail Ltd (WDM),80873.5,64
161761,Care Station NW ltd,Care Station NW ltd,80490.37,30
GB245684676,ANS Group Ltd,ANS Group Ltd,80381.01999999999,5
167578,Moorstone York Opco Ltd,Moorstone York Opco Ltd,80309.43,50
157493,Ashley House Residential Home,Ashley House Residential Home,79894.31,68
GB108246529,DAC Beachcroft LLP,DAC Beachcroft LLP,78628.47,20
GB149151958,Manchester City Council,Our Lady's RC Primary School,78553.47,32
163632,Amberwood Travel,Amberwood Travel,78090.0,22
100447,Broughton Hs Home For Ex-Servicemen,Broughton Hs Home For Ex-Servicemen,78047.19,46
GB991224023,Lyric Theatre Hammersmith Ltd,Lyric Theatre Hammersmith Ltd,77752.97,4
GB778468756,Mace Consult Ltd,Mace Consult Ltd,76348.59,13
GB143783596,Trinity CofE High SchoolÂ,Trinity CofE High SchoolÂ,75918.88,41
GB626524835,HIGHFIELD ROAD,Priory Healthcare Ltd,75853.87999999999,21
GB317764974,United Response,United Response,75695.94,17
GB799151580,Locata (Housing Services) Limited,Locata (Housing Services) Limited,75450.0,16
153960,Crystal House Platinum Ltd,Crystal House Platinum Ltd,75410.85,43
134470,Nisai Virtual Academy Ltd,Nisai Virtual Academy Ltd,75200.0,4
162847,Astley Grange Homes Ltd,Astley Grange Homes Ltd,75141.45,79
GB856057116,TeacherActive Limited,TeacherActive Limited,74755.68000000001,101
168094,Horizon Supported Accommodation Ltd,Horizon Supported Accommodation Ltd,74491.68000000001,94
GB591010375,Sandwich King,Sandwich King,74466.17,152
163949,Lakeside Care Ltd,Lakeside Care Ltd,74250.28,104
163586,Travel Deluxe Ltd,Travel Deluxe Ltd,74100.0,15
GB569953277,Vodafone Ltd (Cameras),Vodafone Ltd (Cameras),73650.0,1
166697,Myles Academy,Myles Academy,73333.32,5
165810,Strive Academy Ltd,Strive Academy Ltd,73110.0,12
162778,Little Sunshines Preschool,Little Sunshines Preschool,73032.92,46
GB162456117,Citizens Advice SORT Group ltd,Citizens Advice SORT Group ltd,73000.02,6
GB433497186,Lyndrose Limited,Lyndrose Limited,72944.4,51
GB677346300,Cuerden Developments Ltd,Cuerden Developments Ltd,72900.84999999999,21
GB727102071,Skills & Work Solutions (GC Employm,Skills & Work Solutions (GC Employm,72879.0,1
GB771120658,Coverage Care Services Limited,Coverage Care Services Limited,72805.29000000001,46
161174,Qualia Care Ltd (in administration),Qualia Care Ltd (in administration),72136.24,46
168715,St Monica's RC Primary School,St Monica's RC Primary School,72045.13,6
GB232073347,Country Court Care Homes 2 Limited,Country Court Care Homes 2 Limited,71821.82,42
GB0796642084,Barchester Healthcare (Homes) Ltd,Barchester Healthcare (Homes) Ltd,71349.51,54
119049,Pendleton Care Ltd T/A Potens,Pendleton Care Ltd T/A Potens,71336.06999999999,21
GB684966762,British Gas,British Gas,71052.62,84
GB611709463,Arboricultural Services TreeworkÂ Lt,Arboricultural Services TreeworkÂ Lt,71033.0,17
160127,Achieve Together Limited,Achieve Together Limited,68856.62,73
GB834863893,ANCHOR TRUST (PENDLETON CENTRE),ANCHOR TRUST (PENDLETON CENTRE),68846.05,62
159194,Beech Hall School Ltd,Beech Hall School Ltd,68511.39,9
163104,Diverse Active Living,Diverse Active Living,68460.92,172
166910,Northern Estate Management Ltd,Northern Estate Management Ltd,68129.6,15
GB379345455,Gatley Surfacing Civils Ltd,Gatley Surfacing Civils Ltd,67820.0,3
159124,Early Break,Early Break,67270.48,8
167454,The Sovereign Trust,The Sovereign Trust,66783.37,8
GB153400995,Askews and Holts Library Services L,Askews and Holts Library Services L,66713.7,51
165056,Brookdale Care Home Limited,Brookdale Care Home Limited,66695.23,70
GB918384400,Electricity North West Ltd,Electricity North West Ltd,66486.26000000001,7
153702,Sure Care (UK) Ltd,Sure Care UK Ltd (Brocklehurst N H),66451.2,63
GB712736054,Borough Care Ltd,Borough Care Ltd,66396.75,101
GB603391466,Trafford Athletic Club,Trafford Athletic Club,66312.15,1
165346,Mansion House Residential Home,Mansion House Residential Home,66297.06,42
165717,The Fostering Team,The Fostering Team,65874.83,31
113816,OK Mum (UK) Limited,OK Mum (UK) Limited,65763.0,4
GB433695280,Hidden Treasure Trust CIO,Hidden Treasure Trust CIO,65729.66,9
GB897349750,NPS Energy Ltd T/A NPS Solar,NPS Energy Ltd T/A NPS Solar,65662.3,2
149397,Choices Home for Children Ltd,Choices Home for Children Ltd,65521.29,6
GB483320402,EK Outreach Services Ltd,EK Outreach Services Ltd,65436.0,8
GB166937716,Odlings Ltd T/A Columbaria Company,Odlings Ltd T/A Columbaria Company,65365.4,134
GB236580162,PermiServ Ltd,PermiServ Ltd,65231.12,10
126376,Wellfield Estates Ltd,Wellfield Estates Ltd,65159.829999999994,37
166528,Therapeutic Care Limited,Therapeutic Care Limited,65004.52,6
164439,WCG Fountains Ltd,WCG Fountains Ltd,65004.31,36
165407,IASPIRE Supported Living & Respite,IASPIRE Supported Living & Respite,64665.28,20
163558,Beyond Empower CIC,Beyond Empower CIC,64548.0,3
GB648143824,Miles Bramwell Admin Services Ltd,Miles Bramwell Admin Services Ltd,64500.0,2
101353,St Johns Centre,St Johns Centre,64496.0,11
164167,Cromwood Ltd,Cromwood Ltd,64211.36,26
GB480303321,The Greenhouse Learning & Developme,The Greenhouse Learning & Developme,63202.3,20
167987,Key Care and Support Ltd,Key Care and Support Ltd,63117.04,72
168867,Cade Care Ltd,Cade Care Ltd,62686.240000000005,12
158978,Park Avenue Montessori Nursery Ltd,Pear Tree Montessori Nursery,62437.5,10
164332,Darlington Borough Council,Darlington Borough Council,62324.4,38
GB746075129,Insight Direct (UK) Ltd,Insight Direct (UK) Ltd,61906.3,35
166900,Harbour Healthcare Woodlands Ltd,Harbour Healthcare Woodlands Ltd,61324.33,42
167850,Moore & Moore Care Ltd,Moore & Moore Care Ltd,61290.24,56
GB149151958,Manchester City Council,Loreto High School,61289.26,24
GB439864347,APL Security Group Ltd,APL Security Group Ltd,61200.840000000004,156
GB342714514,Invuse Limited,Invuse Limited,60605.88,18
GB491848503,Softcat Plc,Softcat Plc,60349.27,6
GB253494491,Maxwell Bond Ltd - Temp Placements,Maxwell Bond Ltd - Temp Placements,60288.0,7
GB275951857,Planit I.E. Limited,Planit I.E. Limited,59850.0,4
164434,The Essential English Centre Ltd,The Essential English Centre Ltd,59250.0,3
160611,Westwood Court (Winsford) Ltd,Westwood Court (Winsford) Ltd,58954.74,42
143450,Avery Homes Moston Ltd,Avery Homes Moston Ltd,58940.36,85
153887,Compassionate Care Ltd,Compassionate Care Ltd,58732.3,450
GB100183281,KIDS,KIDS,58084.0,12
GB768362492,Npower Ltd,Npower Ltd,57972.72,175
165879,A50 Ltd,A50 Ltd,57954.25,18
162590,Freshworks Inc,Freshworks Inc,57600.06,3
GB351877180,Aldridge Education,Aldridge Education,57506.34,22
167747,Bloem Care Limited,Bloem Care Limited,57416.8,32
GB443887555,Chess Cybersecurity Limited,Chess Cybersecurity Limited,57332.2,5
101654,Autism Together,Autism Together,56973.71,22
168595,Deafway,Deafway,56901.14,14
GB465234490,6into7 Ltd T/A Pupil Pathways,6into7 Ltd T/A Pupil Pathways,56752.5,2
168051,The Ark Groups - Dunham School Hous,The Ark Groups - Dunham School Hous,56006.579999999994,15
163517,A1 Foster Care,A1 Foster Care,55891.19,27
150414,Remedi -Restorative Services,Remedi -Restorative Services,55714.0,2
GB821077453,Flowbird Smart City UK Ltd,Flowbird Smart City UK Ltd,55603.759999999995,23
168687,Greensleeves Homes Trust,Greensleeves Homes Trust,55400.0,10
GB927104637,Keys PCE Ltd,Keys Stepping Stones LTD,55302.72,12
GB483154975,TSOM Mentoring,TSOM Mentoring,55203.5,60
168448,Outreach Community & Res. Services,Outreach Community & Res. Services,55111.28,28
GB793268292,Pulse Regeneration Limited,Pulse Regeneration Limited,55000.0,2
GB149213375,Bolton Council,Bolton Council,54674.36,11
163632,Amberwood Travel,Amberwood Travel (Nicola Kelly),54610.0,5
157763,Inspire Community Services Limited,Inspire Community Services Limited,54583.840000000004,66
GB245719348,EE Ltd (Airtime),EE Ltd (Airtime),54577.96,13
GB479701945,Nugent,Nugent,54481.21,7
GB348147388,Prospere Learn Trust Chorlt High,Prospere Learn Trust Piper Hill Sch,54421.59,20
119793,Play Works Limited,Play Works Limited,54371.78,40
130379,SWALLOWDALE,SWALLOWDALE,54363.840000000004,21
165485,Countrywide Care Homes 2 Ltd,Countrywide Care Homes 2 Ltd,54189.36,29
GB483068082,Timeout Children's Homes Ltd,Timeout Children's Homes Ltd,54145.229999999996,5
166357,Child First Residential Ltd,Child First Residential Ltd,53987.15,8
GB194726962,Edstart Specialist Education Ltd,Edstart Specialist Education Ltd,53841.35,5
100788,Washway Road Medical Centre,Washway Road Medical Centre,53132.0,52
168335,Beatrice Care Limited,Beatrice Care Limited,53023.94,9
GB154049911,LifeCentre Events LtdÂ,LifeCentre Events LtdÂ,52952.7,136
GB123393627,Womble Bond Dickenson (UK) LLP,Womble Bond Dickenson (UK) LLP,52822.270000000004,6
GB243170002,Royal Mail Group Ltd,Royal Mail Group Ltd,52735.08,146
167792,Hill Care 1 Ltd,Hill Care 1 Ltd,52564.86,40
GB245687569,Bell-TSII Ltd T/A Nomia,Bell-TSII Ltd T/A Nomia,52558.29,14
156984,Theana Limited t/a Enlighten Home,Theana Limited t/a Enlighten Home,52550.71,20
GB995237573,SEA Recruitment Services Ltd,SEA Recruitment Services Ltd,52461.020000000004,58
GB883002932,Vivedia Ltd,Vivedia Ltd,52079.48,17
166904,Intel Dynamic Futures Ltd,Intel Dynamic Futures Ltd,51976.0,8
166757,Kiddiewinkles Limited,Kiddiewinkles Limited,51859.77,45
160047,Homecare4u Ltd/Cera Care,Homecare4u Ltd/Cera Care,51197.869999999995,268
GB970621718,Fox and Associates Consulting Ltd,Fox and Associates Consulting Ltd,51161.869999999995,12
GB559124236,Peters Limited,Peters Limited,51024.240000000005,36
162583,RS Property Estates Ltd,RS Property Estates Ltd,50870.0,25
168823,Felicity Childrenâs Care Group,Felicity Childrenâs Care Group,50746.28,4
160860,Dove's Nest Ltd,Dove's Nest Ltd,50602.840000000004,42
GB974955458,Croftwood Care UK Ltd,Croftwood Care UK Ltd,50093.63,21
168757,Inclusive Living Nw ltd,Inclusive Living Nw ltd,49919.0,19
GB313870022,No Isolation Ltd,No Isolation Ltd,49683.0,7
GB222212371,Catalyst Choices CIC,Catalyst Choices CIC,49480.75,42
GB523797128,Canon (UK) Ltd,Canon (UK) Ltd,49473.96,22
GB727157624,MJB 24Hr Travel,MJB 24Hr Travel,49471.98,23
GB724548231,Bottomline Technologies Ltd,Bottomline Technologies Ltd,49219.03,7
GB794396079,Imperial Civil Enforcement Solution,Imperial Civil Enforcement Solution,49097.810000000005,16
GB902188441,Acorn Care & Education Ltd,Fostering Solutions Ltd,48648.79,26
166484,Harbour Healthcare Warrington Ltd,Harbour Healthcare Warrington Ltd,48618.17,42
167439,Croft Care Home (Whalley) Limited,Croft Care Home (Whalley) Limited,48419.18,42
167768,Family Care Fostering Ltd,Family Care Fostering Ltd,48330.560000000005,34
165146,SVRT Ltd,SVRT Ltd,47987.25,42
GB425712073,Thomas Kershaw Builders Ltd,Thomas Kershaw Builders Ltd,47857.9,2
GB409598163,Jep Youth Engagement Ltd,Jep Youth Engagement Ltd,47840.0,15
164686,Care and Community Ltd,Care and Community Ltd,47832.700000000004,17
GB843863011,Restore Plc,Restore Plc,47809.93,36
GB309529980,The Arch Company Properties Ltd,The Arch Company Properties Ltd,47477.81,33
155010,Amiable Medical Services Ltd,Amiable Medical Services Ltd,47340.0,39
GB322673120,Bloom Procurement Services Ltd,Bloom Procurement Services Ltd,47184.66,7
GB113153268,RecycleIT Now LTD T/A RecycleIT,RecycleIT Now LTD T/A RecycleIT,47000.0,5
163657,Sai Care Limited,Sai Care Limited,46960.41,42
151114,Embrace Childcare,Embrace Childcare,46839.29,35
168187,Social Work Enterprise,Social Work Enterprise,46714.299999999996,9
GB152847160,Warrington Borough Council,Warrington Borough Council,46419.69,3
159753,Peak Social Care Limited,Peak Social Care Limited,46410.0,12
GB330604640,Indigo Care Services Ltd,Indigo Care Services Ltd,46192.14,16
141923,SPRINGCARE (SANDIWAY) LTD,SPRINGCARE (SANDIWAY) LTD,46114.14,26
GB674990873,CoStar UK Limited,CoStar UK Limited,45831.72,6
166989,Gainford Care Homes Ltd,Gainford Care Homes Ltd,45693.380000000005,43
GB974955456,Croftwood Care (Cheshire) Ltd,Croftwood Care (Cheshire) Ltd,45579.51,21
168323,Millennium Care (U.K.) Limited,Millennium Care (U.K.) Limited,45492.86,7
GB149167054,Oldham Council,Oldham Council,45445.89,17
162666,Our Sale West,Our Sale West,45415.380000000005,11
GB382264686,Sunbeam Fostering,Sunbeam Fostering,45347.79,19
GB834863893,ANCHOR TRUST (PENDLETON CENTRE),Anchor Care Homes Ltd,45325.090000000004,43
163227,MNS Care PLC,MNS Care PLC,45105.47,31
GB371662293,Digital advantage T/A DISC,Digital advantage T/A DISC,45009.74,38
149494,Skolak Homes Ltd,Skolak Homes Ltd,44724.81,35
163526,MMCG (2) Ltd,MMCG (2) Ltd,44586.11,21
150973,Broughton Care Ltd,Broughton Care Ltd,44574.0,29
GB135607225,Lymm High School,Lymm High School,43988.05,30
GB195908850,Oakbridge Retirement Villages LLP,Oakbridge Retirement Villages LLP,43917.229999999996,22
149442,Courtyard Care Ltd,Courtyard Care Ltd,43911.32,3
162425,Foundation 92,Foundation 92,43643.75,5
168536,IBC Quality Solutions Ltd,IBC Quality Solutions Ltd,43445.6,8
GB100135687,Addleshaw Goddard LLP,Addleshaw Goddard LLP,43424.7,11
137474,THE HOLLANDS CARE HOMES LIMITED,THE HOLLANDS CARE HOMES LIMITED,43369.15,21
GB218770886,HC-One Ltd (Kings Park),HC-One Ltd (Acorn Hollow),43230.770000000004,21
GB606689315,Oldham College,Oldham College,43079.26,11
165827,Bondcare (Darrington) Limited,Bondcare (Darrington) Limited,42790.979999999996,42
GB478437838,Raise the Youth Foundation CIC,Raise the Youth Foundation CIC,42645.02,6
GB348147388,Prospere Learn Trust Chorlt High,Prospere Learning Trust-Pioneer Hse,42617.03,12
163555,Hurstead House Care Home,Hurstead House Care Home,42596.189999999995,42
GB670049838,Bernhards Sports Surfaces Ltd,Bernhards Sports Surfaces Ltd,42386.810000000005,2
167911,Faith Fostering NE Ltd,Faith Fostering NE Ltd,42380.38,22
162702,Dove Care Limited,Dove Care Limited,42374.729999999996,42
GB273390886,Stellar Network Solutions Ltd,Stellar Network Solutions Ltd,42260.0,29
168316,Upwards Care Solutions,Upwards Care Solutions,42166.82,26
GB222290247,Liz Murphy Consultancy Limited,Liz Murphy Consultancy Limited,42150.0,12
109909,Altrincham Baptist Church,Altrincham Baptist Church,41896.0,9
155875,Harbour Healthcare Ltd,Harbour Healthcare Ltd,41324.93,21
113184,Sale Moor Com. Partnership Ltd,Sale Moor Com. Partnership Ltd,41231.0,8
GB125472033,Maria Mallaband Ltd,Maria Mallaband Ltd,41133.71,75
GB259205205,View Associates Ltd,View Associates Ltd,41100.0,27
165171,Willow House Ltd,Willow House Ltd,40977.020000000004,40
125793,Let's Play (NW) Ltd,Let's Play (NW) Ltd,40950.0,1
GB278450965,A Way With Media Productions Ltd,A Way With Media Productions Ltd,40783.8,7
156518,Porthaven Care Homes LLP,Porthaven Care Homes LLP,40750.0,12
164616,Caretech Holdings Plc,Caretech Holdings Plc,40673.77,11
102032,TRAFFORD LABOUR GROUP,TRAFFORD LABOUR GROUP,40511.17,20
115864,North Trafford Group Practice,North Trafford Group Practice,40496.0,59
158517,The Urban Fitness Collective CIC,The Urban Fitness Collective CIC,40250.0,4
GB440356767,Reach Publishing Services Ltd,Reach Publishing Services Ltd,39890.66,20
GB616037952,K J Lines Limited,K J Lines Limited,39856.36,15
167117,Kilter Care Ltd,Kilter Care Ltd,39441.55,13
168002,Sevaline Carehomes Ltd,Sevaline Carehomes Ltd,39405.59,28
167071,Salford Care & Support Services Ltd,Salford Care & Support Services Ltd,39368.42,62
153065,Complete Care and Enablement Servic,Complete Care and Enablement Servic,39280.53,18
168183,Serenity Housing Support Ltd,Serenity Housing Support Ltd,39049.51,34
166236,Lentulus Properties Ltd,Lentulus Properties Ltd,38728.659999999996,21
152081,Acorn Recovery Projects,Acorn Recovery Projects,38678.57,14
168178,The Ark Groups - Dunham School Hous,The Ark Groups - Dunham School Hous,38633.19,9
GB900548743,Thomson Reuters (Prof) UK Ltd,Thomson Reuters (Prof) UK Ltd,38632.8,3
168110,Knowle Court Ltd,Knowle Court Ltd,38604.41,26
GB110880934,Bolinda UK Ltd,Bolinda UK Ltd,38368.950000000004,11
137866,Fairfield Residential Ltd,Fairfield Residential Ltd,38284.0,4
GB791783874,Radius Housing Association,Radius Housing Association,38206.79,17
GB823818226,Bytes Software Services Ltd,Bytes Software Services Ltd,38178.46,19
GB118646012,FieldTurf Tarkett SAS,FieldTurf Tarkett SAS,37989.86,2
GB807445919,Restore Digital Ltd,Restore Digital Ltd,37884.61,27
163435,Jots Consultancy Ltd,Jots Consultancy Ltd,37807.0,10
165646,Horizon Fostering Services Ltd,Horizon Fostering Services Ltd,37742.09,24
GB253494491,Maxwell Bond Ltd - Temp Placements,Maxwell Bond Ltd - Perm Placements,37638.3,5
101300,The Urmston Group Practice,The Urmston Group Practice,37261.0,52
166483,Westerton Care LLP,Westerton Care LLP,37062.87,98
148723,Dryclough Manor,Dryclough Manor,37057.33,42
GB849318005,Skills Recruitment Limited,Skills Recruitment Limited,37000.0,1
168484,South Manchester Care Ltd (Childrn),South Manchester Care Ltd (Childrn),36975.0,31
106318,Old Trafford Junior AFC,Old Trafford Junior AFC,36828.0,3
GB108221356,Access UK Ltd,Access UK Ltd,36818.88,1
103102,Crossford Bridge Management Assoc,Crossford Bridge Management Assoc,36766.0,2
GB642720651,Yorkshire Purchasing Organisation,Yorkshire Purchasing Organisation,36747.14,536
164719,WT UK Opco 4 Limited,WT UK Opco 4 Limited,36679.71,36
167746,MatherCare Limited,MatherCare Limited,36587.5,57
149979,Vision Beyond Autism CIC,Vision Beyond Autism CIC,36450.98,39
158707,Little Bollington CE Primary School,Little Bollington CE Primary School,36399.31,21
GB214466226,iESE Innovation Ltd,iESE Innovation Ltd,36333.0,2
168668,Aroma Care People Ltd,Aroma Care People Ltd,36247.94,6
GB403301421,A T Nolan Ltd,A T Nolan Ltd,36230.33,36
168339,Kingswood Property Group Ltd,Kingswood Property Group Ltd,36198.0,21
165753,CSIN CIC,CSIN CIC,36195.0,12
134272,The Delamere Medical Practice,The Delamere Medical Practice,36192.0,44
GB243663406,Water Plus Limited,Water Plus Limited,36124.69,140
GB497562044,Petty Pool College & Outdoor Centre,Petty Pool College & Outdoor Centre,36098.82,6
168513,Dales Care Home Ltd,Dales Care Home Ltd,35903.869999999995,22
104156,Abbotsford Care Home Ltd,Abbotsford Care Home Ltd,35865.909999999996,14
GB380190900,Changing Minds Wellbeing Ltd,Changing Minds Wellbeing Ltd,35853.34,12
481207014,The Birtenshaw Group,The Birtenshaw Group,35629.54,3
GB479394430,Cheadle Hulme School Ltd,Cheadle Hulme School Ltd,35617.0,13
166783,Bee Pedal Ready CIC,Bee Pedal Ready CIC,35400.0,7
164959,Intact Projects,Intact Projects,35399.93,86
165229,Bradshaw Manor Care Home Limited,Bradshaw Manor Care Home Limited,35314.47,21
GB289489717,Oxygen Finance Ltd,Oxygen Finance Ltd,35090.92,25
155478,Lily Care Ltd T/A Limefield Court,Lily Care Ltd T/A Limefield Court,34955.11,21
165754,Gtr Mcr Independent School Ltd,Gtr Mcr Independent School Ltd,34803.33,2
GB425297779,Rennsolution Limited,Rennsolution Limited,34672.0,11
GB170587983,Satellite and Terrestrial Works Ltd,Satellite and Terrestrial Works Ltd,34518.67,15
GB125658460,Normans (Burton-on-Trent) Ltd,Normans (Burton-on-Trent) Ltd,34406.99,67
GB477640221,Car Hire Day of Swansea Ltd,Car Hire Day of Swansea Ltd,34209.36,40
GB414035637,IEG4 Ltd,IEG4 Ltd,34200.0,2
GB116300129,Boots UK Ltd,Boots UK Ltd,33972.53,206
150871,Healthwatch Trafford Ltd,Healthwatch Trafford,33900.75,3
156221,Autism+ PA Services Ltd,Autism+ PA Services Ltd,33772.53,32
GB864455303,QA LTD,QA LTD,33651.0,5
166777,North Trafford PCN,North Trafford PCN,33107.36,4
164113,Trafford Rape Crisis Ltd,Trafford Rape Crisis Ltd,33099.0,5
161016,Fostering Ltd,Fostering Ltd,32764.600000000002,14
158386,Paypoint,Paypoint,32760.0,52
100372,Alpha Plus Fostering Ltd,Alpha Plus Fostering Ltd,32290.63,17
GB481044017,Castlefield Campus,Castlefield Campus,32290.239999999998,4
103760,Boundary House Medical Centre,Boundary House Medical Centre,32255.7,32
GB764244132,Turner & Townsend Proj Mgmnt Ltd,Turner & Townsend Proj Mgmnt Ltd,32136.0,6
167511,Rev Properties ltd,Rev Properties ltd,32120.0,12
GB298413370,AVC Wise Ltd,AVC Wise Ltd,32010.59,13
GB614867912,Education Development Trust,Education Development Trust,32000.0,1
168702,Sanford House Ltd,Sanford House Ltd,31988.239999999998,15
GB290402622,Hawthorn Hotel Ltd,Hawthorn Hotel Ltd,31846.579999999998,23
154310,Altrincham Grammar School for Girls,Altrincham Grammar School for Girls,31804.2,18
GB119280812,The Learning Alliance-Knutsford Ac,The Learning Alliance-Knutsford Ac,31668.67,18
165210,Progressive Sports,Progressive Sports,31560.0,3
GB654971403,South London & Maudsley NHS FT,South London & Maudsley NHS FT,31500.0,3
165746,Identity Care Housing,Identity Care Housing,31447.69,7
GB313651680,Specialist Computer Centres plc,Specialist Computer Centres plc,31273.75,24
166170,B & R CARE,B & R CARE,31183.079999999998,30
163871,Help & Wellbeing Ltd,Help & Wellbeing Ltd,31019.99,140
GB678792853,Iris Software Grp T/A Contact Grp,Iris Software Grp T/A Contact Grp,30938.95,1
168184,Adeel Abbas T/A Properties On Tap L,Adeel Abbas T/A Properties On Tap L,30900.0,13
GB818288205,Big Life Services,Big Life Services,30824.0,4
GB945674483,Sanderson Weatherall LLP,Sanderson Weatherall LLP,30740.0,1
165093,Richmond House Ltd,Richmond House Ltd,30688.9,14
GB389421071,Holden Knight Education Ltd,Holden Knight Education Ltd,30672.0,68
153087,Total Social Work Ltd,Total Social Work Ltd,30600.0,24
GB722887607,Safestore Ltd,Safestore Ltd,30575.53,80
GB732829814,Shorrock Trichem Ltd,Shorrock Trichem Ltd,30532.68,325
168598,Croftwood Care Cheshire Ltd,Croftwood Care Cheshire Ltd,30493.37,20
GB148374839,P Mcguinness & Co Ltd,P Mcguinness & Co Ltd,30369.0,10
165845,One2One JHJ,One2One JHJ,29835.7,45
GB125510058,Metronet (UK) Ltd t/a M24Seven,Metronet (UK) Ltd t/a M24Seven,29794.480000000003,26
GB267889233,Atherton Signs and Installations Lt,Atherton Signs and Installations Lt,29770.02,8
GB218770886,HC-One Ltd (Kings Park),HC-One Ltd (Avalon Park),29057.8,31
167583,Jacob Knight Estates,Jacob Knight Estates,29038.41,12
GB360276115,Progress Schools Limited,Progress Schools Limited,28874.0,2
GB254046128,Gainsborough Healthcare Group Ltd,Gainsborough Healthcare Group Ltd,28751.0,1
167958,Spectrum Gaming,Spectrum Gaming,28725.0,5
GB753233250,Best Companies Ltd,Best Companies Ltd,28611.5,7
133931,Limelight Health and Wellbeing Hub,Limelight Health and Wellbeing Hub,28576.0,54
GB302073948,Trusted Governor Services Limited,Trusted Governor Services Limited,28470.0,1
138593,Firsway Health Centre,Firsway Health Centre,28414.62,66
GB158556040,Stockport MBC (Accts Receiveable),North Cheshire Jewish Primary Sch,28409.969999999998,15
GB145497051,Forsyth Brothers Ltd,Forsyth Brothers Ltd,28293.0,8
GB598831281,Wernick Refurbished Buildings Ltd,Wernick Refurbished Buildings Ltd,28220.0,3
167360,Trafford West Primary Care Network,Trafford West Primary Care Network,28046.15,3
GB152847160,Warrington Borough Council,Fox Wood School,28023.909999999996,3
165628,National Housing Svcs Central Ltd,National Housing Svcs Central Ltd,27991.489999999998,15
GB691316824,Gladstone MRM Ltd,Gladstone MRM Ltd,27725.0,5
GB276179271,Access Sport CIO,Access Sport CIO,27602.5,1
168271,Derby Lodge (Preston) Limited,Derby Lodge (Preston) Limited,27514.29,16
GB184352457,Fairfield School,Fairfield School,27280.0,3
GB166117709,Euan Kellie Property Solutions Ltd,Euan Kellie Property Solutions Ltd,27120.0,13
GB857503313,Street Cars Manchester Ltd,Street Cars Manchester Ltd,27102.0,12
150453,Lostock Medical Centre,Lostock Medical Centre,27088.78,20
100920,Butterflies St Marys Pre-School,Butterflies St Marys Pre-School,27082.03,16
168258,Linelife Care Ltd,Linelife Care Ltd,27071.78,76
GB490190296,Artisan Develoments MCR Ltd,Artisan Develoments MCR Ltd,26920.0,5
159219,William Hulmes Grammar School,William Hulmes Grammar School,26911.079999999998,17
141868,LMCP Care Link,LMCP Care Link,26895.0,2
121649,St Johns Medical Centre (Altrincham,St Johns Medical Centre (Altrincham,26867.0,42
GB109678932,W V Howe Limited,W V Howe Limited,26812.579999999998,742
109949,Conway Road Medical Practice,Conway Road Medical Practice,26559.0,44
152610,Hanzak Ltd,Hanzak Ltd,26502.08,35
GB784034426,Round Midnight Ltd,Round Midnight Ltd,26500.0,1
GB819132438,BHA for Equality,BHA for Equality,26498.0,4
167898,Rivington View Ltd,Rivington View Ltd,26412.0,16
164861,Train-to-TEFL Ltd,Train-to-TEFL Ltd,26400.0,2
GB938311521,In Control Partnerships,In Control Partnerships,26000.0,3
109096,West Timperley Medical Centre,West Timperley Medical Centre,25950.0,47
GB150532641,Pinseeker UK Ltd,Pinseeker UK Ltd,25946.5,13
155122,Gtr Mcr Youth Network Ltd (GMYN),Gtr Mcr Youth Network Ltd (GMYN),25931.350000000002,17
102733,Altrincham & District Athletic Club,Altrincham & District Athletic Club,25929.0,1
GB224801238,Edsential Community Interest Compan,Edsential Community Interest Compan,25913.59,4
162084,Rolls Crescent Primary School,Rolls Crescent Primary School,25911.28,10
168556,Anavo Care (Brampton) Ltd,Anavo Care (Brampton) Ltd,25839.0,14
167263,Social Work Solutions Northwest Ltd,Social Work Solutions Northwest Ltd,25780.0,18
GB189922745,The Pavilion Project,The Pavilion Project,25722.42,96
165755,Muve Homecare,Muve Homecare,25675.0,18
GB733718820,Causeway Technologies LtdÂ,Causeway Technologies LtdÂ,25554.43,1
GB334568192,Arborforce Group Ltd,Arborforce Group Ltd,25526.53,11
100056,The Counselling & Family Centre,The Counselling & Family Centre,25519.0,5
GB221074357,CAN Digital Solutions Ltd,CAN Digital Solutions Ltd,25500.0,4
GB912274347,Spektrix Limited UK,Spektrix Limited UK,25477.65,17
144997,Kids Mix Ltd,Kids Mix Ltd,25417.8,4
GB488014966,The Therapy Shack T/A Nebula Centre,The Therapy Shack T/A Nebula Centre,25375.0,14
GB354382003,Evolve 4 Solutions Ltd,Evolve 4 Solutions Ltd,25357.21,3
167752,Lytham Tutors LTD,Lytham Tutors LTD,25335.0,63
GB916926008,Dynamis Care,Dynamis Care,25315.89,2
GB155712174,Lancashire County Council,Lancashire County Council,25301.26,17
GB334331879,Arnold Clark Car & Van Rental,Arnold Clark Car & Van Rental,25163.05,123
GB248280396,Cygnet Care Services Limited,Cygnet Health Care,25132.5,8
GB940205657,Care Corner Ltd,Care Corner Ltd,25130.12,337
GB799768329,Thomson FM Ltd,Thomson FM Ltd,25090.5,8
GB148425263,North Western Local Authorities Emp,North Western Local Authorities Emp,25080.0,12
GB2488629263,South Manchester Senior Care Ltd,South Manchester Senior Care Ltd,24933.32,83
GB200504870,Alpha Biolaboratories Legal Limited,Alpha Biolaboratories Legal Limited,24864.07,76
GB149151958,Manchester City Council,Lancasterian SchoolÂ,24681.7,7
GB794433206,Paul Grainge Ground Maint Ltd,Paul Grainge Ground Maint Ltd,24546.0,14
104882,Manchester Port Health Authority,Manchester Port Health Authority,24483.14,1
165883,Lower Kersal Community Primary,Lower Kersal Community Primary,24428.07,2
100926,Beverley Park Nursing Home,Beverley Park Nursing Home,24342.88,93
GB170248816,SCL Education and Training Ltd,SCL Education and Training Ltd,24300.0,5
GB328096096,Rawal Private Hire LTD,Rawal Private Hire LTD,24282.72,10
GB240335892,Donald Insall AssociatesÂ,Donald Insall AssociatesÂ,24280.6,2
GB834851512,Sale High School,United Learning Trust T/A Irlam,24094.0,6
122965,Thomasson Memorial School,Thomasson Memorial School,24075.67,3
168824,HC-ONE NO.1 LIMITED,HC-ONE NO.1 LIMITED,23989.379999999997,10
GB391085740,Banner Group Ltd,Banner Group Ltd,23973.93,1100
GB184352457,Fairfield School,Kirklees Council,23946.63,5
GB218770886,HC-One Ltd (Kings Park),Meridian Healthcare Ltd,23895.96,13
101993,SIMPLYHEALTH,SIMPLYHEALTH,23834.079999999998,36
106639,The Manchester Deaf Centre Ltd,The Manchester Deaf Centre Ltd,23820.0,4
168609,Meddyg Care (Rhyl) Limited,Meddyg Care (Rhyl) Limited,23779.01,9
GB645183336,NCB RiP Ltd,NCB RiP Ltd,23717.0,4
GB929155504,Chethams School of Music,Chethams School of Music,23636.65,5
156716,Manchester Occupational Therapy Svc,Manchester Occupational Therapy Svc,23635.45,54
101483,Keate House Residential Home LTD,Keate House Residential Home LTD,23334.29,38
GB310354943,Pax Systems Ltd,Pax Systems Ltd,23200.0,1
143554,Child Action Northwest,Child Action Northwest,22975.07,32
GB885446479,Manchester United Foundation,Manchester United Foundation,22880.0,1
GB727373422,BestOutcome Ltd,BestOutcome Ltd,22816.5,1
132834,St John's R.C. Primary School,St John's R.C. Primary School,22765.97,12
160175,St Margarets CE Primary School,St Margarets CE Primary School,22755.46,7
GB489478806,SH24 Digital Limited,SH24 Digital Limited,22722.78,14
GB752985390,Stopford Information Systems Ltd,Stopford Information Systems Ltd,22713.0,2
163539,Care Haven UK Ltd T/A Penarth Group,Care Haven UK Ltd T/A Penarth Group,22692.879999999997,2
GB945693968,North Lakes Children`s Services Ltd,Fostering People Ltd,22640.9,10
GB876815377,The National Fostering Agency Ltd,The National Fostering Agency Ltd,22576.440000000002,16
GB128401732,Les Mills Fitness UK Ltd,Les Mills Fitness UK Ltd,22537.73,1
168140,VSPG HOUSING LTD,VSPG HOUSING LTD,22447.0,10
155485,Child Maintenance Service,Child Maintenance Service,22305.0,12
GB168980453,G and A Taylor Hotels Ltd,G and A Taylor Hotels Ltd,22094.68,147
GB131462054,Pickering Psychology Services Ltd,Pickering Psychology Services Ltd,21969.09,43
157434,Kobia Ltd,Kobia Ltd,21860.0,32
GB789963047,TTS Group Ltd,TTS Group Ltd,21823.31,233
GB343825453,Keelagher Okey Associates Ltd,Keelagher Okey Associates Ltd,21610.45,27
GB721740459,H B Clark & Co (Successors Limited),H B Clark & Co (Successors Limited),21450.920000000002,68
167652,Houses to Manage LTD,Houses to Manage LTD,21450.0,12
GB380874370,Cheery Blossom Supported Living Ltd,Cheery Blossom Supported Living Ltd,21420.0,25
GB819485883,Charles Andrews Ltd,Charles Andrews Ltd,21400.0,9
GB820704559,Eversheds Sutherland LLP,Eversheds Sutherland LLP,21374.4,3
166902,Piara Singh T/A Property Base Ltd,Piara Singh T/A Property Base Ltd,21300.0,6
168678,Livcare Staffing Ltd,Livcare Staffing Ltd,21168.0,8
GB141594024,The ExcluSec Group Ltd,The ExcluSec Group Ltd,21097.5,7
GB863943783,Frontline Data Ltd,Frontline Data Ltd,21054.25,5
167239,Hayley Wood T/A HW Social Care Ltd,Hayley Wood T/A HW Social Care Ltd,21040.0,13
GB332257913,Adept Consulting Engineers (Mcr) Lt,Adept Consulting Engineers (Mcr) Lt,21016.0,6
GB272211045,Delta 4 Services Ltd,Delta 4 Services Ltd,21000.0,1
GB439887385,Legat Owen Limited,Legat Owen Limited,20990.0,6
142829,Davyhulme Medical Centre,Davyhulme Medical Centre,20863.0,49
GB719774100,Federation of Jewish Services,Federation of Jewish Services,20798.7,12
GB627390725,CIPFA Business Limited,CIPFA Business Limited,20748.15,6
165846,Croftwood Care UK Ltd,Croftwood Care UK Ltd,20420.72,19
GB296187749,Keppie Massie Limited,Keppie Massie Limited,20337.4,3
154543,Dual Medical Ltd,Dual Medical Ltd,20336.0,12
GB864201149,Astun Technology Ltd,Astun Technology Ltd,20250.0,2
GB797077669,Halfords Ltd,Halfords Ltd,20217.17,11
GB945092022,Patrol,Patrol,20162.5,8
GB924292816,Whites Bakery Ltd,Whites Bakery Ltd,20129.34,268
GB449232976,GM Poverty Action,GM Poverty Action,20100.0,4
163682,Flourish Together CIC,Flourish Together CIC,20000.0,1
GB198263956,Oasis Community Hub Oldham,Oasis Community Hub Oldham,20000.0,1
GB232584272,Haymarket Media Group Ltd,Haymarket Media Group Ltd,20000.0,1
GB144985182,Tute Education Ltd,Tute Education Ltd,19831.4,15
GB507477337,Barnardos,Barnardos,19819.8,13
GB287960151,Nudge Education Ltd,Nudge Education Ltd,19814.99,13
GB821612266,Memsafe Ltd,Memsafe Ltd,19701.08,23
168433,The Link Education Trust T/A Spring,The Link Education Trust T/A Spring,19645.0,3
159745,UK Fostering Ltd,UK Fostering Ltd,19641.2,8
GB618184140,Capita Property & Infrastr Ltd,Capita Property & Infrastr Ltd,19500.0,1
157567,Yashwin Consultancy Ltd,Yashwin Consultancy Ltd,19440.0,15
GB998819135,Complete Roofing Systems Ltd,Complete Roofing Systems Ltd,19320.76,2
GB202159745,NEC Software Solutions UK Ltd,NEC Software Solutions UK Ltd,19229.11,19
GB654965101,University Hospitals Birmingham NHS,University Hospitals Birmingham NHS,19212.0,8
167287,Independent Futures (UK) Limited,Independent Futures (UK) Limited,19099.0,8
168751,Elite Education JB Ltd,Elite Education JB Ltd,19092.86,5
167513,Joanne Jones Online Limited,Joanne Jones Online Limited,18999.0,2
157965,Tol-Tom Limited,Tol-Tom Limited,18900.0,14
GB747953189,Etac Ltd,Etac Ltd,18890.0,18
GB712550956,Furniture Resource Centre Ltd,Furniture Resource Centre Ltd,18803.41,84
163912,The Nomads Dramatic Society Ltd,The Nomads Dramatic Society Ltd,18772.6,2
166884,Care Plus Homecare Services Ltd,Care Plus Homecare Services Ltd,18768.75,32
162409,DNA Legal Limited,DNA Legal Limited,18678.1,50
GB100169859,Bibliotheca Ltd,Bibliotheca Ltd,18673.11,4
GB218770886,HC-One Ltd (Kings Park),HC-One Ltd (Newlands),18669.37,11
GB383040374,VIP-System Ltd,VIP-System Ltd,18606.71,18
166540,Sawn Workshop Ltd,Sawn Workshop Ltd,18600.0,7
167679,St Kentigernâs RC Primary School,St Kentigernâs RC Primary School,18588.67,6
165668,West Lancs Community High School,West Lancs Community High School,18430.0,5
GB426906483,Light and Wall Ltd,Light and Wall Ltd,18383.4,9
160516,The MileShyClub T/A #MileShyClub,The MileShyClub T/A #MileShyClub,18326.0,2
167981,Oughtrington Primary School,Oughtrington Primary School,18221.17,6
162140,Pivotal Home Care (NW) LTD,Pivotal Home Care (NW) LTD,18176.989999999998,167
166313,Capstone Foster Care (North) Ltd,Capstone Foster Care (North) Ltd,18064.11,11
GB127046923,Chetham House Ltd T/A S F Taylor,Chetham House Ltd T/A S F Taylor,17884.69,97
GB481713192,Lancashire Centre for SpLD,Lancashire Centre for SpLD,17827.0,4
GB183111339,Locala Community Partnerships C.I.C,Locala Community Partnerships C.I.C,17787.97,4
159615,Greater Outcomes Ltd,Greater Outcomes Ltd,17780.0,12
GB928650500,The Gordian Group Limited,The Gordian Group Limited,17627.6,1
158479,Oakwood Academy,Oakwood Academy,17624.08,7
GB135539413,Stage Electrics Partnership Ltd,Stage Electrics Partnership Ltd,17579.02,7
149634,Flixton Road Medical Centre,Flixton Road Medical Centre,17499.0,63
GB245719348,EE Ltd (Airtime),British Telecommunications Ltd,17496.079999999998,20
168712,CarePoint HC Limited,CarePoint HC Limited,17490.0,2
GB203245414,Paxman Musical Instruments Ltd,Paxman Musical Instruments Ltd,17452.35,3
GB190023541,Cambian Childcare Ltd,By the Bridge North West Ltd,17381.34,8
157598,Wellington Healthcare (Arden) Ltd,Wellington Healthcare (Arden) Ltd,17192.92,20
GB948043217,Care Quality Commission (CQC),Care Quality Commission (CQC),17172.0,6
GB370551073,Terry Group Ltd T/A Terry Lifts,Terry Group Ltd T/A Terry Lifts,17170.0,1
168697,Axelbond Limited,Axelbond Limited,17151.05,8
154101,DolsUK Limited,DolsUK Limited,17140.0,7
GB187076378,SH:24 CIC,SH:24 CIC,16929.06,19
166166,Wilmslow Prep School Trust Ltd,Wilmslow Prep School Trust Ltd,16910.0,3
GB464127594,Targeted Provision Ltd,Targeted Provision Ltd,16847.5,29
168090,RSG Investments Ltd,RSG Investments Ltd,16750.0,10
GB461817581,Rtech Carpets Ltd,Rtech Carpets Ltd,16746.0,11
GB118914407,Westfield Minibuses,Westfield Minibuses,16741.5,7
GB228951874,Knight Kavanagh & Page Limited,Knight Kavanagh & Page Limited,16738.0,5
GB348494558,C4 Care Limited,C4 Care Limited,16721.68,84
GB149151958,Manchester City Council,Manchester Hospital School,16665.67,3
GB108231548,People Asset Management Ltd,People Asset Management Ltd,16571.1,18
GB189131784,University of Chester,University of Chester,16560.0,3
168677,Shannon Court Care Home Ltd,Shannon Court Care Home Ltd,16518.74,14
GB410654920,MindJam Ltd,MindJam Ltd,16500.0,59
139665,Robert Brearley T/A Brearley Signs,Robert Brearley T/A Brearley Signs,16385.52,54
GB348147388,Prospere Learn Trust Chorlt High,Grange SchoolÂ (Prospere Lrng Trust),16340.42,4
164011,Calm Homecare Ltd,Calm Homecare Ltd,16320.37,25
GB270828981,TO ME TO YOU SUPPORT LTD,TO ME TO YOU SUPPORT LTD,16304.21,27
GB424378393,SSI Schaefer Plastics UK Ltd,SSI Schaefer Plastics UK Ltd,16266.9,1
165507,Daffodil Homehelp Ltd,Daffodil Homehelp Ltd,16230.759999999998,164
154971,Chorlton C of E Primary School,Chorlton C of E Primary School,16213.33,11
GB414415135,Arlingclose Ltd,Arlingclose Ltd,16207.95,1
GB163126334,The Conservation Volunteers,The Conservation Volunteers,16128.0,3
GB449451177,UKMM Project R and R Ltd,UKMM Project R and R Ltd,16068.0,11
GB422972589,Community Brands UK Ltd,Community Brands UK Ltd,16000.0,6
GB991292294,Concerto Support Services Ltd,Concerto Support Services Ltd,15995.0,2
GB204515545,GatenbySanderson Ltd,GatenbySanderson Ltd,15965.0,3
GB881441127,Substance 2005 Limited,Substance 2005 Limited,15925.0,2
GB652431358,Bibliographic Data Services Ltd,Bibliographic Data Services Ltd,15814.0,1
GB313979087,Allied Publicity Services (M/C) Ltd,Allied Publicity Services (M/C) Ltd,15802.24,14
129676,Primrose Surgery,Primrose Surgery,15755.0,41
166946,Team Lifestyle Group Limited,Team Lifestyle Group Limited,15708.19,4
162325,SpeedAdmin ApS,SpeedAdmin ApS,15701.29,6
GB677524500,Manchester Grammar School,Manchester Grammar School,15683.67,5
GB421722626,Cyber Eye Security Limited,Cyber Eye Security Limited,15666.24,2
166401,Heath Medical Ltd,Heath Medical Ltd,15660.0,10
GB274328003,Core Highways (Regions) Ltd,Core Highways (Regions) Ltd,15556.86,4
110829,Partington Family Practice,Partington Family Practice,15550.86,42
GB151472722,Tiptoes Child Therapy Services,Tiptoes Child Therapy Services,15549.75,51
152507,DWP Debt Management,DWP Debt Management,15494.66,22
157437,Victoria Johnrose Ltd,Victoria Johnrose Ltd,15480.0,15
GB857129405,Sportex Group Ltd,Sportex Group Ltd,15416.68,3
GB254753685,Schuchmann LLP,Schuchmann LLP,15391.2,6
GB880998360,LK Consult Ltd,LK Consult Ltd,15300.0,9
154677,Karen L Martin Ltd,Karen L Martin Ltd,15300.0,25
GB346731784,Application Labs Ltd T/A Sherpa-Onl,Application Labs Ltd T/A Sherpa-Onl,15284.0,10
GB779994039,Teaching Personnel Ltd,Teaching Personnel Ltd,15184.24,30
GB818216631,The Purple Company (UK) Ltd,The Purple Company (UK) Ltd,15155.7,28
164158,THOMAS Organisation,THOMAS Organisation,15150.15,9
GB292120917,Armstrong Building and Maint Ltd,Armstrong Building and Maint Ltd,15149.42,46
GB888810569,Kainos Software Ltd,Kainos Software Ltd,15000.0,4
GB486434754,Build My Bid Limited,Build My Bid Limited,15000.0,1
167717,Riyo Dental Limited,Riyo Dental Limited,15000.0,1
167558,Starting Point Community Learning P,Starting Point Community Learning P,15000.0,2
GB834859389,Centre Park Warrington (Mgmnt) Ltd,Centre Park Warrington (Mgmnt) Ltd,14978.02,5
159223,Mancunian Way,Mancunian Way,14960.0,1
GB429602744,TET Ltd,TET Ltd,14943.28,6
167605,Dr S Mustafa T/A S Mustafa Ltd,Dr S Mustafa T/A S Mustafa Ltd,14940.0,19
162322,Melland High School,Melland High School,14893.5,5
GB395334626,Bruynzeel Storage Systems Ltd,Bruynzeel Storage Systems Ltd,14889.0,1
104768,Timperley Health Centre,Timperley Health Centre,14881.0,14
GB344279291,Vine Facilities Management Ltd,Vine Facilities Management Ltd,14804.21,13
GB823820344,Gamma Network Solutions,Gamma Network Solutions,14775.86,7
GB177582662,TACE Projects Limited,TACE Projects Limited,14733.33,3
GB468420772,AM7 Capital Ltd,AM7 Capital Ltd,14680.0,7
GB763532329,Datatank Ltd,Datatank Ltd,14639.0,1
125965,Barrington Medical Centre,Barrington Medical Centre,14637.0,36
165954,Starling,Starling,14632.5,5
GB638985376,Taylor & Dewitt Investigations Ltd,Taylor & Dewitt Investigations Ltd,14630.16,137
163719,New Park Academy (Sovereign Trust),New Park Academy (Sovereign Trust),14600.560000000001,2
168511,Sale Central PCN,Sale Central PCN,14550.8,2
167198,Noahâs ART,Noahâs ART,14535.0,4
GB331612930,New Bridge Multi Academy Trust,New Bridge Multi Academy Trust,14526.91,3
GB325653502,Beam Up Ltd T/A Beam,Beam Up Ltd T/A Beam,14500.0,2
168360,Fylde Care Group Limited,Fylde Care Group Limited,14411.75,10
167233,The Endorphins Group,The Endorphins Group,14409.77,10
GB218806206,Social Value Portal Ltd,Social Value Portal Ltd,14400.0,1
GB308102602,J W Young (Butchers) Limited,J W Young (Butchers) Limited,14354.58,52
161901,OT Creative Space CIC,OT Creative Space CIC,14300.0,5
GB382808430,Hillier Nurseries Limited,Hillier Nurseries Limited,14124.8,5
GB132026562,Sharks Community Trust,Sharks Community Trust,14100.0,28
159720,Whalley Range High School,Whalley Range High School,14076.0,5
GB840709040,Delib Ltd,Delib Ltd,13995.0,1
165770,Morris Feinmann Trust,Morris Feinmann Trust,13936.8,1
166295,Davyhulme Pre-School Ltd,Davyhulme Pre-School Ltd,13935.26,20
GB405952887,Kerry Cleary T/A VBA Consulting,Kerry Cleary T/A VBA Consulting,13860.0,6
116169,Park Medical Practice,Park Medical Practice,13842.0,45
GB823820344,Gamma Network Solutions,Gamma Telecom Ltd,13763.34,12
157355,Lancashire Cricket Foundation Ltd,Lancashire Cricket Foundation Ltd,13750.0,3
163492,Jade Blossom Ltd,Jade Blossom Ltd,13707.15,12
166877,Jessamy Staffing Solutions Limited,Jessamy Staffing Solutions Limited,13616.1,50
GB283843375,WorkNest Cyber Ltd,WorkNest Cyber Ltd,13562.01,3
GB472656467,Jacobs Enforcement Limited,Jacobs Enforcement Limited,13509.589999999998,296
GB270033347,Special Branch Tree Surgeons Ltd,Special Branch Tree Surgeons Ltd,13446.470000000001,3
GB243133345,Cadent Gas Ltd,Cadent Gas Ltd,13434.12,1
GB888818153,Hm Land Registry,Hm Land Registry,13307.0,1
165314,Improving Young Lives Limited,Improving Young Lives Limited,13280.0,6
155575,Altrincham FC Community Sports,Altrincham FC Community Sports,13235.0,4
GB636613732,Flintshire County Council,Flintshire County Council,13187.6,2
GB382320808,Communitree Outdoor Education Ltd,Communitree Outdoor Education Ltd,13185.0,4
GB489400368,Elevate Youth Mindset LTD,Elevate Youth Mindset LTD,13166.4,17
166364,Inspire Trng and Educ Services Ltd,Inspire Trng and Educ Services Ltd,13138.02,1
GB129804207,LingvoHouse Translation Svc Ltd,LingvoHouse Translation Svc Ltd,13041.0,17
168324,Emerald LENS CIC,Emerald LENS CIC,13000.0,3
161631,Etta Care Ltd,Etta Care Ltd,12920.0,11
161919,Lexander SCA Ltd,Lexander SCA Ltd,12860.0,8
GB230534739,Andrea Saunders T/A AJS Social Care,Andrea Saunders T/A AJS Social Care,12760.0,39
GB973614694,Aspinall Verdi Limited,Aspinall Verdi Limited,12758.0,1
GB293609082,Paul Graveney Consulting Ltd T/A PG,Paul Graveney Consulting Ltd T/A PG,12750.0,5
166728,LRD Recording Ltd,LRD Recording Ltd,12683.24,40
GB149266836,Bury Council,Bury Council,12632.0,2
GB204335841,Policy Partners Project Ltd,Policy Partners Project Ltd,12600.0,1
GB897389636,Avison Young (UK Ltd),Avison Young (UK Ltd),12571.46,5
GB380992363,Davis and Associates Consult Ltd,Davis and Associates Consult Ltd,12499.5,1
GB684111544,AMS Sanderson Ltd,AMS Sanderson Ltd,12426.15,2
GB128786669,Gary Lewis/Cobden House Chambers,Gary Lewis/Cobden House Chambers,12420.0,8
167067,Saum Medical Limited,Saum Medical Limited,12382.47,15
161782,High Legh Community Transport,High Legh Community Transport,12371.08,13
GB529135348,BHR Pharmaceuticals Ltd,BHR Pharmaceuticals Ltd,12348.64,12
GB323010471,Place2Be,Place2Be,12331.98,2
GB993459463,Urban Skip Hire & Recycling Ltd,Urban Skip Hire & Recycling Ltd,12226.0,89
167536,Trafford Methodist Circuit,Trafford Methodist Circuit,12220.49,3
167698,BLUESTONES MEDICAL RECRUITMENT LTD,BLUESTONES MEDICAL RECRUITMENT LTD,12180.760000000002,4
128490,Bodmin Road Health Centre,Bodmin Road Health Centre,12176.5,38
164445,Anewarc Ltd,Anewarc Ltd,12150.0,11
168230,613 Manek Ltd,613 Manek Ltd,12125.0,10
GB433368788,Jameson Acoustics Ltd,Jameson Acoustics Ltd,12100.0,6
GB165597522,Knowsley Metropolitan Borough Counc,Knowsley Metropolitan Borough Counc,12052.0,1
GB152815374,St Helens Metropolitan Borough,St Helens Metropolitan Borough,12052.0,1
GB162981976,Person Centred Software Ltd,Person Centred Software Ltd,12000.0,1
144705,Venture Arts,Venture Arts,11984.89,220
GB654910626,Liverpool Univ Hospitals NHS FT,Liverpool Univ Hospitals NHS FT,11841.0,39
165752,LAKS Solutions Ltd,LAKS Solutions Ltd,11817.0,10
GB245719348,EE Ltd (Airtime),EE Limited (Equipment) 2,11738.0,17
164273,Hazel Grove High School,Hazel Grove High School,11652.01,8
152662,Carrington Parish Council,Carrington Parish Council,11628.0,5
157872,enJOY Arts CIC,enJOY Arts CIC,11600.0,6
160252,Aquinas College,Aquinas College,11584.33,5
GB798034492,A to V Ltd,A to V Ltd,11560.2,3
GB275951857,Planit I.E. Limited,Planit IE Ltd,11500.0,6
GB796642084,Barchester Health Ltd (Arbour Ct),Barchester Healthcare Homes Ltd,11482.71,5
154307,EDUC8ME (UK) Ltd T/A Banana Moon,EDUC8ME (UK) Ltd T/A Banana Moon,11391.529999999999,3
GB170036836,Aylward Town Planning Limited,Aylward Town Planning Limited,11350.0,13
165760,iCare Solutions Stockport Ltd,iCare Solutions Stockport Ltd,11340.0,14
GB131107960,NCER CIC,NCER CIC,11307.81,1
GB155712174,Lancashire County Council,Broadfield Specialist School,11290.0,3
GB813047950,Amey LG Ltd,Amey TPT Ltd,11225.38,1
GB825323642,Sale Football Club,Sale Football Club,11190.0,17
GB366407149,James Leckey Design Ltd,James Leckey Design Ltd,11096.23,5
GB231202472,Ellesmere Port Catholic High School,Ellesmere Port Catholic High School,11062.0,3
GB335520913,Studio DBD Ltd,Studio DBD Ltd,11000.0,3
GB194750968,Signis Ltd,Signis Ltd,10917.0,2
GB198263956,Oasis Community Hub Oldham,Oasis Community Learning,10909.99,7
125501,Foster Cares Ltd,Foster Cares Ltd,10908.539999999999,22
GB257767651,PPL PRS Limited,PPL PRS Limited,10851.1,10
GB888807650,OFSTED,OFSTED,10816.0,3
GB945092022,Patrol,Wilmslow High School,10783.32,6
168705,Dell Care Ltd,Dell Care Ltd,10772.380000000001,12
GB775208515,Browns CTP Ltd,Browns CTP Ltd,10764.0,14
GB927149214,Egton Med Info Systems Ltd (EMIS),Egton Med Info Systems Ltd (EMIS),10712.73,2
GB605813651,Osborne Richardson Ltd,Osborne Richardson Ltd,10711.0,26
168734,The little people preschool and pla,The little people preschool and pla,10641.800000000001,2
GB704007779,Sonova UK Ltd,Sonova UK Ltd,10522.1,13
GB403598843,CogniSoft Ltd,CogniSoft Ltd,10488.0,8
GB163436272,Curtins Consulting Ltd,Curtins Consulting Ltd,10470.0,4
GB516350076,Continental Sports Ltd,Continental Sports Ltd,10445.369999999999,2
GB147815547,Lancashire County Cricket Club,Lancashire County Cricket Club,10440.0,1
GB991250709,Access Further Education Ltd,Access Further Education Ltd,10428.0,6
GB609526041,Iken Business Ltd,Iken Business Ltd,10386.36,1
GB736619412,Alliance Disposables Limited,Alliance Disposables Limited,10316.4,221
GB365463927,Tradition (UK) Ltd,Tradition (UK) Ltd,10298.63,1
GB939148491,TPXimpact Limited,TPXimpact Limited,10237.5,1
GB457153093,ABC Education Limited,ABC Education Limited,10233.0,6
133204,Raglan Road Preschool Playgroup,Raglan Road Preschool Playgroup,10172.06,9
GB464659257,EAMA Health Limited,EAMA Health Limited,10168.0,3
167688,Starlight Dance School,Starlight Dance School,10156.5,1
GB328915576,FVWL Football Ltd T/A Bolton Wander,FVWL Football Ltd T/A Bolton Wander,10145.0,1
GB833824717,Paypartners Ltd,Paypartners Ltd,10124.48,40
108963,Friends of Victoria Park Stretford,Friends of Victoria Park Stretford,10094.6,3
166030,Valley School,Valley School,10070.0,1
119793,Play Works Limited,Play Works (M/cr) Ltd,10065.75,7
162275,Cheadle Hulme School,Cheadle Hulme School,10015.75,6
GB595885071,West Wallasey Car Hire Ltd,West Wallasey Car Hire Ltd,10012.0,17
168406,Crown Homes Ltd,Crown Homes Ltd,10000.44,3
168372,Sale Moor Podiatry,Sale Moor Podiatry,10000.0,2
156522,Security Plus Ltd (Float),Security Plus Ltd (Float),10000.0,1
156291,Out There Supporting Families of Pr,Out There Supporting Families of Pr,10000.0,1
GB497462245,PPL Digital Delivery Limited T/A PP,PPL Digital Delivery Limited T/A PP,10000.0,2
105196,African Caribbean Care Group,African Caribbean Care Group,10000.0,1
GB439022704,Bounceback Food CIC,Bounceback Food CIC,9999.0,1
161111,Mind in Salford,Mind in Salford,9999.0,2
GB626524835,HIGHFIELD ROAD,Priory Group T/A Cheadle ES,9995.470000000001,6
GB166059789,DNG Production and Event Crew Ltd,DNG Production and Event Crew Ltd,9940.6,11
GB989303869,Community Catalysts CIC,Community Catalysts CIC,9900.0,1
168632,All Star Ents Limited,All Star Ents Limited,9889.43,1
162352,Holgate House Ltd,Holgate House Ltd,9835.83,4
GB370508464,Pozzoni Architecture Limited,Pozzoni Architecture Limited,9816.380000000001,5
GB678144310,Infoshare+ Limited,Infoshare+ Limited,9759.0,1
GB409612405,Ultimate Coldplay Ltd,Ultimate Coldplay Ltd,9739.0,1
GB656883581,Heritage Architecture Ltd,Heritage Architecture Ltd,9700.0,3
GB945613805,Indigo Care Services Ltd,Indigo Care Services Ltd,9624.45,9
GB221562734,MEW Care Ltd,MEW Care Ltd,9569.7,21
GB172670502,Post Office Ltd,Post Office Ltd,9557.859999999999,7
GB348766549,3N & S INVESTMENTS LIMITED,3N & S INVESTMENTS LIMITED,9540.0,14
126262,Autistic Society Greater M/cr Area,Autistic Society Greater M/cr Area,9523.68,57
GB225664601,Huq Industries Ltd,Huq Industries Ltd,9500.0,1
GB984274971,Barker Proudlove Ltd,Barker Proudlove Ltd,9500.0,3
GB922754421,Pillbox 38 UK Ltd,Pillbox 38 UK Ltd,9493.35,48
168688,Shavington Primary School,Shavington Primary School,9490.0,2
146649,NW Social Work Ltd,NW Social Work Ltd,9472.5,14
GB133780025,St Ambrose College,St Ambrose College,9431.91,2
165244,The Barlow RC High School,The Barlow RC High School,9427.2,6
GB479587317,Nisai Virtual Academy Limited,Nisai Virtual Academy Limited,9417.22,11
GB725834618,BEECH LANDSCAPE (DEVELOPMENTS) LTD,BEECH LANDSCAPE (DEVELOPMENTS) LTD,9400.0,1
GB155294693,Oakford Internet Services Ltd,Oakford Internet Services Ltd,9375.0,2
167379,Hawthorns School/New Bridge Trust,Hawthorns School/New Bridge Trust,9324.03,6
167382,Horrizon Property Partners Ltd,Horrizon Property Partners Ltd,9324.0,3
119471,St Mary's Church Partington & Carri,St Mary's Church Partington & Carri,9300.0,2
GB892208609,The Award Scheme Ltd,The Award Scheme Ltd,9297.5,9
GB610706674,Jigsaw Systems T/A Jigsaw24,Jigsaw Systems T/A Jigsaw24,9293.0,5
GB811255268,Quality Education Solutions Ltd,Quality Education Solutions Ltd,9235.41,1
GB291328790,CHESHIRE COLLEGE SOUTH AND WEST,CHESHIRE COLLEGE SOUTH AND WEST,9200.880000000001,3
GB510173302,Barnes Walker Ltd,Barnes Walker Ltd,9162.0,3
GB798532669,Reveal T/A Reveal Media Limited,Reveal T/A Reveal Media Limited,9103.0,1
GB768252012,G-Map Services Ltd,G-Map Services Ltd,9100.0,9
GB945693968,North Lakes Children`s Services Ltd,Active Care Solutions Ltd,9078.7,10
GB314600740,Castle Green Kendal Ltd,Castle Green Kendal Ltd,9033.0,1
GB860086430,Complete Background Screening Ltd,Complete Background Screening Ltd,9029.5,44
GB928597271,General Utilities North West Ltd,General Utilities North West Ltd,8955.0,2
GB405813471,Fairway Landscapes Ltd,Fairway Landscapes Ltd,8933.029999999999,2
GB732568326,CPI Inc,CPI Inc,8913.5,4
GB841745814,Foster Talk Limited,Foster Talk Limited,8907.74,31
GB991292294,Concerto Support Services Ltd,NIFES Property Ltd.,8900.0,2
GB445675661,Stellar Creates CIC,Stellar Creates CIC,8895.0,1
GB364633389,Enabl T/A Enabl Consulting Ltd,Enabl T/A Enabl Consulting Ltd,8800.0,5
167262,SJ Topping Ltd T/A Stephanie Toppin,SJ Topping Ltd T/A Stephanie Toppin,8660.0,13
157647,ABL Support Ltd,ABL Support Ltd,8628.42,53
GB868223503,National Youth Adv Service (NYAS),National Youth Adv Service (NYAS),8619.28,30
GB310031975,Costa Ltd,Costa Ltd,8551.01,44
GB845354417,Labosport Ltd,Labosport Ltd,8550.0,3
110542,Altrincham Medical Practice,Altrincham Medical Practice,8505.0,39
GB351325777,Gower Consultants Ltd,Gower Consultants Ltd,8483.19,3
GB654440583,Bridgewater Community Healthcare NH,Bridgewater Community Healthcare NH,8483.0,1
164688,Nicholas Shahlavi T/A Wings,Nicholas Shahlavi T/A Wings,8460.0,8
GB984713679,Forensic Testing Service Ltd,Forensic Testing Service Ltd,8457.98,25
GB159609474,Eight Ninths Limited,Eight Ninths Limited,8425.0,2
167449,The HUB KCS Ltd,The HUB KCS Ltd,8424.16,20
GB599803183,Heritage Trust Of Lincolnshire,Heritage Trust Of Lincolnshire,8405.0,3
167955,Siavash Consulting Ltd,Siavash Consulting Ltd,8400.0,4
GB403885589,All Saints Support Ltd,All Saints Support Ltd,8387.82,62
GB393901573,Locate Estate Agent Urmston Ltd,Locate Estate Agent Urmston Ltd,8350.0,7
GB392740772,Apex Parking,Apex Parking,8332.75,2
GB785728278,Ace Centre,Ace Centre,8297.57,4
GB328761676,Manchester First Aid Training Ltd,Manchester First Aid Training Ltd,8294.369999999999,18
GB835515525,Reed Specialist Recruitment Ltd,Reed Talent Solutions Limited,8250.0,4
131744,Northstud Ltd T/A Reed House Kennel,Northstud Ltd T/A Reed House Kennel,8247.49,11
GB364633389,Enabl T/A Enabl Consulting Ltd,Enabl Consulting Ltd,8200.0,7
GB296154966,The Challenge Academy Trust,The Challenge Academy Trust,8199.5,7
10161,CBRE Ltd,CBRE Ltd,8171.0,8
157158,Rite Directions Ltd,Rite Directions Ltd,8170.720000000001,6
GB336276491,Park Place Technologies Ltd,Park Place Technologies Ltd,8154.6,7
GB266036994,Nick Day Technologies Ltd,Nick Day Technologies Ltd,8081.0,7
145350,Oswald Road Primary School,Oswald Road Primary School,8031.34,2
163774,St Nicholas Catholic High School,St Nicholas Catholic High School,8031.33,3
GB508567722,Fishers Cleaning Services Ltd,Fishers Cleaning Services Ltd,8028.0,2
GB923405349,Gag Reflex Management,Gag Reflex Management,8000.0,2
168685,Thrive Leaving Care,Thrive Leaving Care,8000.0,10
GB386463025,The Copyright Licensing Agency Ltd,The Copyright Licensing Agency Ltd,7992.95,1
158750,North West MHA Solutions Ltd,North West MHA Solutions Ltd,7920.0,6
GB313016754,RJ Lifeskills Ltd,RJ Lifeskills Ltd,7880.0,1
GB870649693,Sport Event Solutions Ltd,Sport Event Solutions Ltd,7875.0,1
165511,Pebble Play Therapy,Pebble Play Therapy,7855.0,4
GB173110839,Co-op Academy Failsworth,Co-op Academy Failsworth,7814.0,3
168916,MCR NURSERIES LIMITED,MCR NURSERIES LIMITED,7800.0,1
GB604105690,Corporate Project Solutions Ltd,Corporate Project Solutions Ltd,7790.0,1
GB349931126,Walker Fire (UK) Ltd,Walker Fire (UK) Ltd,7788.83,7
152103,Elklan Training Limited,Elklan Training Limited,7767.0,13
GB927553600,The Lucy Faithfull Foundation,The Lucy Faithfull Foundation,7667.5,3
GB112432760,Academy21 Ltd,Academy21 Ltd,7666.5,2
128475,PARK ROAD PLAYGROUP,PARK ROAD PLAYGROUP,7665.24,9
GB544163162,Anderbury Limited St Georges Hotel,Anderbury Limited St Georges Hotel,7662.83,1
GB932802435,Green Street Advisors UK Ltd,Green Street Advisors UK Ltd,7650.0,1
GB568477778,The Reading Agency,The Reading Agency,7612.5,4
GB826191820,Just Digital Ltd,Just Digital Ltd,7598.400000000001,26
GB158556040,Stockport MBC (Accts Receiveable),Cale Green Primary School,7560.0,3
147370,ALMOND VILLAS LTD,ALMOND VILLAS LTD,7553.29,73
GB197648935,Topp Language Solutions Ltd,Topp Language Solutions Ltd,7552.5,66
GB175902392,Frogbrick Limited,Frogbrick Limited,7480.0,3
GB479314854,Eclipse Table and Chair Hire Limite,Eclipse Table and Chair Hire Limite,7430.85,47
GB181844196,Quinplex Ltd,Quinplex Ltd,7430.0,1
GB471141965,R&A Software (Systems) Ltd,R&A Software (Systems) Ltd,7397.0,3
GB394095368,University Academy 92 Ltd,University Academy 92 Ltd,7344.0,12
136195,Prime Dance,Prime Dance,7336.0,1
110548,The Village Surgery,The Village Surgery,7333.0,19
GB362640407,C J Bloor Property Consultants Ltd,C J Bloor Property Consultants Ltd,7329.1900000000005,15
163934,Bright Futures Educational Trust,Bright Futures Educational Trust,7326.900000000001,5
168624,Over Hall Community School,Over Hall Community School,7297.200000000001,3
161461,Katharine Lawson Ltd,Katharine Lawson Ltd,7280.0,6
GB165907048,Park Retail Limited T/A Love2shop,Park Retail Limited T/A Love2shop,7278.83,10
GB100156382,Credo Care,Credo Care,7255.63,6
GB727102071,Skills & Work Solutions (GC Employm,GC Insight Ltd,7244.0,3
GB791788859,KPMG LLP,KPMG LLP,7230.0,1
GB749320131,Easy Software UK Plc,Easy Software UK Plc,7200.36,1
GB801671455,PayPoint Network Limited,PayPoint Network Limited,7146.249999999999,33
162667,String of Hearts CIC,String of Hearts CIC,7140.0,3
101986,Dunham Massey Parish Council,Dunham Massey Parish Council,7110.0,1
165888,Aspire Psychological Services Ltd,Aspire Psychological Services Ltd,7100.0,30
147166,Littledale Hall Ther Comm Ltd,Littledale Hall Ther Comm Ltd,7085.71,4
100399,Stockport Cerebral Palsy Society,Stockport Cerebral Palsy Society,7072.29,20
168338,Twinkle Bees Limited,Twinkle Bees Limited,7067.64,6
GB772526320,Silktide Ltd,Silktide Ltd,7064.77,1
GB110309964,Old Trafford Supporters Club Ltd,Old Trafford Supporters Club Ltd,7045.5,6
165708,D S Homecare Ltd,D S Homecare Ltd,7031.9800000000005,61
GB872904502,PeopleScout Ltd,PeopleScout Ltd,7013.35,6
GB944449007,Renewal North West,Renewal North West,7000.0,1
GB588706290,Greater Manchester Travelcards Ltd,Greater Manchester Travelcards Ltd,7000.0,15
GB384212603,Minervaâs Virtual Academy Ltd,Minervaâs Virtual Academy Ltd,6905.0,3
GB712463556,The University Of Salford,The University Of Salford,6900.0,2
GB980706307,Performance in Education,Performance in Education,6850.0,3
GB894053602,eduFOCUS Limited,eduFOCUS Limited,6840.1,3
GB703440966,EcoOnline UK Limited,EcoOnline UK Limited,6816.0,1
GB308823751,Jenx Ltd,Jenx Ltd,6816.0,2
167250,Aspire Intelligent Care and Support,Aspire Intelligent Care and Support,6811.01,6
GB167310322,A1 Risk Solutions Ltd,A1 Risk Solutions Ltd,6802.75,6
GB271466985,Yellow Jigsaw CIC,Yellow Jigsaw CIC,6800.0,1
GB364272494,Case Management Solutions Group Ltd,Case Management Solutions Group Ltd,6795.5,1
168003,Excel Care Group Ltd,Excel Care Group Ltd,6775.0199999999995,25
165906,Helpful INvestments,Helpful INvestments,6737.14,3
GB385421879,Fierylight Giant Ltd,Fierylight Giant Ltd,6733.96,1
GB408108226,Principal Tutors Ltd,Principal Tutors Ltd,6681.75,6
GB474600885,Civic Heritage Limited,Civic Heritage Limited,6653.0,2
GB439596834,Innovate Associates Limited,Innovate Associates Limited,6650.0,11
GB304454780,Rehabilitation Manuf Svcs Ltd,Rehabilitation Manuf Svcs Ltd,6633.0,4
GB403655177,Buttress Architects Limited,Buttress Architects Limited,6600.0,2
GB915896970,Lifeways Paragon Ltd,Living Ambitions Ltd,6489.599999999999,2
GB479120382,Ryleys School T/A Ryleys School Ltd,Ryleys School T/A Ryleys School Ltd,6477.799999999999,4
GB428026901,Ace Education Manchester ltd,Ace Education Manchester ltd,6445.0,7
GB834612241,Institute of Licensing Events Ltd,Institute of Licensing Events Ltd,6436.0,15
168532,Sport Works Ltd,Sport Works Ltd,6419.33,2
153377,Peak School,Peak School,6418.3,1
GB625021777,Reaseheath College,Reaseheath College,6380.37,4
163086,Claremont Lodge Care Ltd,Claremont Lodge Care Ltd,6363.51,18
168927,Dr Andrew Byrne Educational Psycho,Dr Andrew Byrne Educational Psycho,6324.0,2
GB232751479,Islington Council (NRPF Network),Islington Council (NRPF Network),6300.0,2
GB344068603,Encompass Psychology Ltd,Encompass Psychology Ltd,6300.0,4
GB281207226,Next Level Learning Ltd,Next Level Learning Ltd,6292.0,3
162351,AccIndy LLC,AccIndy LLC,6280.92,10
GB567177310,King Scientific,King Scientific,6257.96,37
GB980381800,Impression (Bolton) Ltd,Impression (Bolton) Ltd,6193.4,23
GB272743841,J P Lennard Ltd,J P Lennard Ltd,6190.84,3
GB468071279,Manchester Taxi Service LTD,Manchester Taxi Service LTD,6182.22,26
103441,Bowdon Preparatory School,Bowdon Preparatory School,6180.0,5
GB780803131,Safe Partnership Ltd,Safe Partnership Ltd,6162.400000000001,19
GB524455845,Royal Nat Institute of Blind People,Royal Nat Institute of Blind People,6157.48,42
GB769013715,Quality Compliance Systems Limited,Quality Compliance Systems Limited,6153.0,3
165239,Medical Expert Witness Alliance LLP,Medical Expert Witness Alliance LLP,6120.2,23
GB398186242,Autin Dance Theatre CIO,Autin Dance Theatre CIO,6117.5,3
GB371678859,Macclesfield Tutorial College Ltd,Macclesfield Tutorial College Ltd,6115.0,3
104497,Cransley School Ltd,Cransley School Ltd,6111.150000000001,10
GB925095027,Speakers From The Edge Ltd,Speakers From The Edge Ltd,6077.620000000001,4
135429,Moving Solutions,Moving Solutions,6040.0,37
153407,S4YC Ltd,S4YC Ltd,6029.4,4
166762,Mandley Park Estates Ltd,Mandley Park Estates Ltd,6025.0,2
GB447222460,Turning Point,Turning Point Services Ltd,6000.0,1
GB827515422,Unique Training Solutions Ltd,Unique Training Solutions Ltd,6000.0,4
GB344901701,Saj Zafar T/A IFC Training & Consul,Saj Zafar T/A IFC Training & Consul,6000.0,1
151766,Trafford Parents Forum Ltd,Trafford Parents Forum Ltd,6000.0,1
GB166911546,Arco Ltd,Arco Ltd,5994.28,99
168376,Abdullah Dhalech T/A Oakdale Travel,Abdullah Dhalech T/A Oakdale Travel,5976.0,2
154896,Jagdeish Rattan T/A Jags Childmindi,Jagdeish Rattan T/A Jags Childmindi,5950.62,8
GB305160406,Groundwork Landscapes Ltd,Groundwork Landscapes Ltd,5941.0,3
GB491645620,Washco Ltd,Washco Ltd,5934.82,7
GB591819014,Virgin Media Business,Virgin Media Business,5913.98,2
101289,Central Ambulance Service Ltd,Central Ambulance Service Ltd,5900.0,19
GB844563412,Just Checking Ltd,Just Checking Ltd,5887.48,1
160373,The Toy House,The Toy House,5880.0,2
GB551880139,Carechair Ltd,Carechair Ltd,5806.8,2
GB211980719,Griffin Care Training Ltd,Griffin Care Training Ltd,5800.0,5
GB474327381,Beyond Education Tutoring,Beyond Education Tutoring,5788.0,3
GB733738518,ID Medical Group Ltd,ID Medical Group Ltd,5780.0,2
GB000365239,Simcocks Advocates Limited,Simcocks Advocates Limited,5773.64,7
GB403826611,ESL Upholstery Ltd,ESL Upholstery Ltd,5761.62,1
GB160752910,MBL Seminars Limited,MBL Seminars Limited,5702.0,4
166883,Childrenâs Therapy Solutions Ltd,Childrenâs Therapy Solutions Ltd,5632.5,4
GB201829924,Eyworks Limited,Eyworks Limited,5620.5599999999995,9
GB162560714,U-Chem Private T/A Timperley Pharma,U-Chem Private T/A Timperley Pharma,5617.61,41
GB442600233,Calmliving Healthcare Limited,Calmliving Healthcare Limited,5584.56,19
GB536937019,Security Plus Ltd,Security Plus Ltd,5580.42,89
GB343631177,HS Sports Ltd T/A APG Leisure,HS Sports Ltd T/A APG Leisure,5578.95,1
GB213749020,GS Concert Promotions Ltd,GS Concert Promotions Ltd,5560.0,1
GB122088539,Malcolm's Pharmacy,Malcolm's Pharmacy,5554.13,61
GB256614300,Target Psychology Limited,Target Psychology Limited,5545.610000000001,8
168541,SBB Manchester,SBB Manchester,5542.26,11
167356,Caribbean Creations,Caribbean Creations,5491.2,8
GB798650956,Network Rail Infrastructure Ltd,Network Rail Infrastructure Ltd,5490.16,1
GB430940809,Open Digital Cooperative,Open Digital Cooperative,5490.0,1
168585,Ash Residential Ltd,Ash Residential Ltd,5478.23,2
GB216222350,Moore Enterprising Ltd,Moore Enterprising Ltd,5458.03,1
167348,Willow Tree Day Care (Bolton),Willow Tree Day Care (Bolton),5449.5,3
GB606753340,Bartell Cottage Furnishings Ltd,Bartell Cottage Furnishings Ltd,5408.53,1
165380,St. Joseph's Catholic Primary,St. Joseph's Catholic Primary,5400.0,3
119551,Buzz Comedy,Buzz Comedy,5400.0,6
167498,Childrenâs Choice Childcare,Childrenâs Choice Childcare,5374.8,1
GB355167685,Bleep 360 Care Ltd,Bleep 360 Care Ltd,5372.99,39
GB386115978,I Love MCR (I Love Media Ltd),I Love MCR (I Love Media Ltd),5370.0,1
GB402188426,Precise Media Monitoring Ltd,Precise Media Monitoring Ltd,5343.88,1
155919,Tutor Trust,Tutor Trust,5340.0,13
168015,Nisha Doshi T/A Robin Rise Homes Lt,Nisha Doshi T/A Robin Rise Homes Lt,5300.0,1
GB455430500,TTH Group Ltd T/A Vocational Traini,TTH Group Ltd T/A Vocational Traini,5250.0,1
GB233250991,Valtech Limited,Valtech Limited,5212.8,11
130740,Sandilands Primary School,Sandilands Primary School,5209.34,2
GB305089179,Crown Oil Ltd,Crown Oil Ltd,5188.68,3
GB725440254,Bureau Veritas UK Ltd,Bureau Veritas UK Ltd,5175.0,1
152970,Brook Young People,Brook Young People,5174.54,7
GB294468359,Gavin Scott T/A The Clone Roses,Gavin Scott T/A The Clone Roses,5174.0,1
GB745412638,Jackpad Ltd,Jackpad Ltd,5152.08,1
GB638911515,Henshaws Society for Blind People,Henshaws Society for Blind People,5148.5,4
161621,Karen Ferguson T/A Yoga With Karen,Karen Ferguson T/A Yoga With Karen,5130.0,44
167577,Dildare Singh & Utam Singh,Dildare Singh & Utam Singh,5115.0,2
GB440939680,Yarwood Memorial Products Ltd,Yarwood Memorial Products Ltd,5054.5,25
GB862090922,Pure Innovations Ltd,Pure Innovations Ltd,5015.87,3
GB237764184,Intelligent Plans and Exams (IPE) L,Intelligent Plans and Exams (IPE) L,5005.6,1
GB792663881,LGBT Foundation Ltd,LGBT Foundation Ltd,5000.0,1
GB863149806,Gleeds Cost Management Ltd,Gleeds Cost Management Ltd,5000.0,1
144003,Trafford Deaf Community Network,Trafford Deaf Community Network,5000.0,1
GB128901805,Urban Design Learning,Urban Design Learning,5000.0,1
GB123371543,Hogan Lovells International LLP,Hogan Lovells International LLP,5000.0,1
166938,Voices for Choices CIC,Voices for Choices CIC,4999.5,1
160591,Calm Connections CIC Limited,Calm Connections CIC Limited,4999.0,1
GB867442102,District Surveyors Ass'n Ltd (LABC),District Surveyors Ass'n Ltd (LABC),4979.26,5
GB341235632,Teach Rex LTD,Teach Rex LTD,4968.0,1
GB857969544,Fresh Start Waste Services Ltd,Fresh Start Waste Services Ltd,4961.7,24
108149,Xaverian College,Xaverian College,4923.33,1
167820,The Cleaning Fairy FM Ltd,The Cleaning Fairy FM Ltd,4918.0,4
166380,AVR Transcription Ltd,AVR Transcription Ltd,4892.98,25
GB653332354,The Manfreds Ltd,The Manfreds Ltd,4873.0,1
GB490798536,Midnight Mango Ltd,Midnight Mango Ltd,4845.22,4
GB569953277,Vodafone Ltd (Cameras),Vodafone Limited,4814.700000000001,5
GB777036703,Tube UK Ltd,Tube UK Ltd,4786.5,1
154433,Smartstyle Technology Training LtdÂ,Smartstyle Technology Training LtdÂ,4750.0,5
GB639282513,Subish Ltd t/a The Fureys,Subish Ltd t/a The Fureys,4745.23,1
GB288429061,Tom Dobson T/A TWD Social Care,Tom Dobson T/A TWD Social Care,4740.0,3
168603,Bridgfords Countrywide - Sale,Bridgfords Countrywide - Sale,4706.0,2
GB707272150,Intermedical (UK) Ltd,Intermedical (UK) Ltd,4704.98,3
GB880883678,KPEA (UK) Limited,KPEA (UK) Limited,4672.19,34
GB447198559,CLS Social Care Ltd,CLS Social Care Ltd,4660.0,5
GB628894877,Gym Gear T/A Fitness Warehouse Ltd,Gym Gear T/A Fitness Warehouse Ltd,4640.5,1
143897,Sale Festival,Sale Festival,4630.55,1
GB561095251,Manchester United Football Club Ltd,Manchester United Football Club Ltd,4613.26,1
156570,Association of Directors Public Hea,Association of Directors Public Hea,4600.0,1
GB674504526,Hvb Flooring Services Ltd,Hvb Flooring Services Ltd,4590.0,1
GB770015070,GVAV Ltd,GVAV Ltd,4584.0,2
GB486991420,PRSM Services Ltd T/A FluClinic2You,PRSM Services Ltd T/A FluClinic2You,4575.0,1
GB604602674,Myerscough College,Myerscough College,4533.33,2
GB240877747,Thomas Telford Ltd,Thomas Telford Ltd,4518.0,1
165349,Levantes Dance Theatre Ltd,Levantes Dance Theatre Ltd,4500.0,2
153465,Barnsley Council (Trans Penn Trail),Barnsley Council (Trans Penn Trail),4500.0,1
GB401188530,Building Cost Information Serv Ltd,Building Cost Information Serv Ltd,4500.0,1
GB495905541,ETC CHAUFFEUR LTD T/A ETC CHAUFFEUR,ETC CHAUFFEUR LTD T/A ETC CHAUFFEUR,4500.0,11
GB329701107,IntraQuest Community CIC,IntraQuest Community CIC,4475.0,3
155162,Youth Focus North West Ltd,Youth Focus North West Ltd,4475.0,4
GB337500615,LoCTA Ltd,LoCTA Ltd,4473.0,2
4845,Philip James Singh T/A ANS Roofing,Philip James Singh T/A ANS Roofing,4450.0,4
161762,Woolton Physiotherapy Clinic Ltd,Woolton Physiotherapy Clinic Ltd,4449.6,3
GB325879423,The Music Cellar,The Music Cellar,4440.0,1
GB175390588,Impatient Productions Ltd,Impatient Productions Ltd,4425.4,1
GB974974551,Coram Academy Ltd T/A CoramBAAF,Coram Academy Ltd T/A CoramBAAF,4424.17,2
GB408007779,The Encore Group (Env & Pack) Ltd,The Encore Group (Env & Pack) Ltd,4418.1,5
GB600354295,Omniplex (Group) Ltd,Omniplex (Group) Ltd,4410.0,6
167568,The Whiteluck Group Ltd,The Whiteluck Group Ltd,4400.0,1
GB948814381,Association of Directors of Childre,Association of Directors of Childre,4363.0,3
GB241077628,JSM Group Services Ltd,JSM Group Services Ltd,4351.08,1
GB200683346,Mapchester Ltd,Mapchester Ltd,4350.0,2
GB830997496,Scanning Pens Ltd,Scanning Pens Ltd,4344.98,4
GB642712453,Killgerm Chemicals Ltd,Killgerm Chemicals Ltd,4342.21,54
GB945693968,North Lakes Children`s Services Ltd,Foster Care Associates Limited,4305.9,2
GB213057841,Sport Works (Manc and Cheshire) Ltd,Sport Works (Manc and Cheshire) Ltd,4289.19,1
GB182314185,Barnsley MBC,Barnsley MBC,4250.0,1
GB690808117,Child Poverty Action Group,Child Poverty Action Group,4248.93,43
GB324097412,Lambert Smith Hampton Ltd (Clients),Lambert Smith Hampton Ltd (Clients),4230.14,5
GB125510058,Metronet (UK) Ltd t/a M24Seven,M247 UK LIMITED,4224.54,5
GB827639788,Safelincs Ltd,Safelincs Ltd,4201.74,1
GB386321682,Air Giants T/A Air Giants Limited,Air Giants T/A Air Giants Limited,4200.0,2
168254,Rachel Down,Rachel Down,4200.0,1
166628,EADM Properties Ltd,EADM Properties Ltd,4193.21,2
GB706123570,The Environmental Protection Group,The Environmental Protection Group,4150.0,1
GB519286915,APSE Northern (HQ),APSE Northern (HQ),4139.0,5
GB891607304,Totally Local Company Ltd,Totally Local Company Ltd,4109.42,1
102973,GMB,GMB,4101.45,24
GB0971986853,Prepaid Financial Services Ltd,Prepaid Financial Services Ltd,4085.95,62
GB429429277,Learn Play Nexus Ire Ltd,Learn Play Nexus Ire Ltd,4073.0,27
GB220173655,Black Cat Building Consultancy Ltd,Black Cat Building Consultancy Ltd,4060.0,1
GB583565114,Posturite Ltd,Posturite Ltd,4059.98,54
GB808656895,MCR Music Ltd,MCR Music Ltd,4055.0,8
GB106761229,ITonlinelearning Ltd,ITonlinelearning Ltd,4050.0,1
GB149151958,Manchester City Council,The Birches School,4015.67,1
GB424417808,IG Legal Costs T/A IG Legal (Civil),IG Legal Costs T/A IG Legal (Civil),4000.0,1
GB371422418,Place Informatics Ltd,Place Informatics Ltd,4000.0,1
GB390021727,Parkrun Limited,Parkrun Limited,4000.0,1
GB945106139,HB Editorial Services Ltd,HB Editorial Services Ltd,3995.0,1
GB849743085,Land Survey Solutions Ltd,Land Survey Solutions Ltd,3995.0,4
GB506048176,London Calling Arts Ltd,London Calling Arts Ltd,3984.5,6
GB237817288,Frontline Security 24/7 Ltd,Frontline Security 24/7 Ltd,3964.6499999999996,4
166381,Warrington Speak Up,Warrington Speak Up,3962.4500000000003,5
GB743724037,Attenti Ltd,Attenti Ltd,3960.0,2
GB781268900,Zengenti Ltd,Zengenti Ltd,3957.01,1
GB313339624,Action First Assessments Ltd,Action First Assessments Ltd,3950.0,6
GB370124684,AC Entertainment Technologies Ltd,AC Entertainment Technologies Ltd,3934.44,27
GB305366518,Layer Surveys Ltd,Layer Surveys Ltd,3930.0,1
GB481971948,Charanga Ltd,Charanga Ltd,3910.0,3
GB164460021,Herts for Learning Ltd,Herts for Learning Ltd,3900.0,2
167754,Rank Events,Rank Events,3895.9700000000003,38
GB474042991,Divrse Services Ltd,Divrse Services Ltd,3893.44,5
GB927316323,Chartered Institute of Environ Heal,Chartered Institute of Environ Heal,3884.0,3
GB600337686,British Parking Association,British Parking Association,3844.17,19
GB254104047,Lee Noble T/A RLN Music Ltd,Lee Noble T/A RLN Music Ltd,3842.44,1
GB325780102,The Proud Trust Ltd,The Proud Trust Ltd,3828.33,3
GB872168212,121 Direct Mail Limited,121 Direct Mail Limited,3810.0,4
GB100307291,SECUREmedia Ltd,SECUREmedia Ltd,3809.2,4
GB816534136,Speed Couriers (Northern) Ltd,Speed Couriers (Northern) Ltd,3793.18,76
GB656049522,Solon Security Limited,Solon Security Limited,3779.72,4
GB137346509,P2G LLP,P2G LLP,3764.22,3
107406,The Information Commissioner,The Information Commissioner,3763.0,1
167936,St Annâs R C Primary School,St Annâs R C Primary School,3750.0,4
GB443293104,Learn With SAT,Learn With SAT,3745.0,7
GB779242884,RH Environmental Ltd,RH Environmental Ltd,3742.0,1
GB448432146,Cura Terrae Air Limited T/A Cura Te,Cura Terrae Air Limited T/A Cura Te,3722.0,2
GB135566307,LAVAT Consulting Ltd T/A PSTAX,LAVAT Consulting Ltd T/A PSTAX,3700.0,1
166474,Mind Together,Mind Together,3700.0,8
GB698826948,EDA (CW) LTD,EDA (CW) LTD,3670.0,1
GB225890156,Hartnoll Limited,Hartnoll Limited,3669.9500000000003,14
GB242247624,K3 Works LTD,K3 Works LTD,3664.0,2
GB794588655,ZZZ Limited,ZZZ Limited,3663.64,1
GB260370724,Avern Cleaning Supplies Internet Lt,Avern Cleaning Supplies Internet Lt,3660.0,1
GB780336723,Lorensbergs Limted,Lorensbergs Limted,3652.11,1
GB437880419,Soft Adventure Play,Soft Adventure Play,3650.0,3
168333,St Joseph's Catholic Primary School,St Joseph's Catholic Primary School,3638.0,1
165786,Choices Homecare (Merseyside) Ltd,Choices Homecare (Merseyside) Ltd,3637.9700000000003,97
129042,Hulme Hall Educational Trust,Hulme Hall Educational Trust,3636.66,12
GB183915776,Burnage Academy for Boys,Burnage Academy for Boys,3636.66,2
GB158556040,Stockport MBC (Accts Receiveable),Stockport School,3636.0,2
GB149193544,Tameside MBC,Tameside MB-GMPF,3635.0,1
GB467961538,Peter Frosdick T/A J S Arts Ltd,Peter Frosdick T/A J S Arts Ltd,3631.01,1
GB144024745,Ricardo-AEA Ltd,Ricardo-AEA Ltd,3620.0,1
GB618471236,Catch 22 Charity Limited,Catch 22 Charity Limited,3595.0,1
167739,Hikapee Ltd,Hikapee Ltd,3584.27,4
GB289289531,Yesplan UK Limited,Yesplan UK Limited,3564.31,14
GB193604455,CLEAPSS,CLEAPSS,3542.63,3
GB693603810,Cheshire Fish Ltd,Cheshire Fish Ltd,3530.7799999999997,23
GB484606664,CAE Ventilation Svs (North) Ltd,CAE Ventilation Svs (North) Ltd,3520.0,4
GB997302485,Freeths LLP,Freeths LLP,3500.0,1
GB210858228,OPS ENVIRONMENTAL SERVICES LTD,OPS ENVIRONMENTAL SERVICES LTD,3500.0,2
GB382416592,Brightteach T/A Brightteach Ltd,Brightteach T/A Brightteach Ltd,3477.5,5
GB559097889,E.ON UK Plc,E.ON UK Plc,3470.18,49
168387,Contento Social Homes,Contento Social Homes,3467.27,4
GB978395252,2Buy2.com Ltd,2Buy2.com Ltd,3453.63,23
GB222469026,Thornley Groves Ltd,Thornley Groves Ltd,3446.15,1
GB761756409,Active,Active,3430.0,3
GB909981477,Arc4 Ltd,Arc4 Ltd,3424.0,1
GB320684713,Phil McIntyre Live Ltd,Phil McIntyre Live Ltd,3417.93,2
GB977736161,Jaydee Living Ltd,Jaydee Living Ltd,3414.1800000000003,2
163087,CM Community Care Services Ltd,CM Community Care Services Ltd,3400.0,6
GB374254195,Sandy Brown Ltd,Sandy Brown Ltd,3400.0,3
GB149191256,The Willows Primary School,The Willows Primary School,3391.0,3
163800,Trees Park (Kenyon) Ltd,Trees Park (Kenyon) Ltd,3372.08,4
153245,Tiny Tortoise,Tiny Tortoise,3365.8,9
GB985519861,Jason Scott Crofts services limited,Jason Scott Crofts services limited,3355.0,1
GB148425851,Mcr and Dist Home For Lost Dogs Ltd,Mcr and Dist Home For Lost Dogs Ltd,3350.0,14
GB243823957,PriceWaterhouseCoopers LLP,PriceWaterhouseCoopers LLP,3350.0,2
GB170268318,CY4OR Legal Limited,CY4OR Legal Limited,3340.34,1
GB245719348,EE Ltd (Airtime),EE Limited (EEMP Messaging Charges),3335.79,19
GB638936589,Intec for Business Ltd,Intec for Business Ltd,3335.13,1
167504,Andrew Cribbin T/A Cribbin Review,Andrew Cribbin T/A Cribbin Review,3300.0,1
GB693640117,ADC entrance Solutions,ADC entrance Solutions,3299.0,1
GB422950016,Velox Healthcare Limited,Velox Healthcare Limited,3297.3199999999997,15
GB466477701,Compass Group UK & I,Compass Group UK & I,3295.0,1
168438,Dream Big Independent Living Ltd,Dream Big Independent Living Ltd,3278.38,1
166323,Greenmount Assess and Training Ltd,Greenmount Assess and Training Ltd,3260.0,7
GB381824384,Specsavers Optical Superstores Ltd,Specsavers Optical Superstores Ltd,3260.0,2
GB570694713,Bruntwood Management Services Ltd,Bruntwood Management Services Ltd,3251.44,1
168148,AJ and friends C.I.C.,AJ and friends C.I.C.,3250.0,1
GB524318171,Royal Town Planning Institute,Royal Town Planning Institute,3238.26,9
GB874035325,Mccosker Ltd,Mccosker Ltd,3236.0,4
GB319837918,Paddock Johnson Partnership Ltd,Paddock Johnson Partnership Ltd,3225.0,1
167053,HMG Consulting Ltd,HMG Consulting Ltd,3220.0,1
165476,Aspire Family Assessment Services L,Aspire Family Assessment Services L,3214.5699999999997,5
148626,Artful Playground,Artful Playground,3200.0,2
GB823809815,DLA Piper UK LLP,DLA Piper UK LLP,3170.87,1
GB558440133,4imprint Direct Ltd,4imprint Direct Ltd,3165.4300000000003,6
GB737057230,Frederick Hyde Ltd,Frederick Hyde Ltd,3160.0,1
GB829806102,ParentAssess Limited,ParentAssess Limited,3131.0,2
167793,Vivid Care Services Ltd,Vivid Care Services Ltd,3124.32,4
GB608372637,HumanWare Europe Ltd,HumanWare Europe Ltd,3115.0,2
GB260994673,Garmentec Group Ltd,Garmentec Group Ltd,3113.75,23
GB603350191,Trafford Signs Ltd,Trafford Signs Ltd,3108.1,11
GB315355616,Smirthwaite Ltd,Smirthwaite Ltd,3103.0,8
102029,HMCS,HMCS,3100.0,12
167359,Omar Awad T/A TheDesign&PrintCo,Omar Awad T/A TheDesign&PrintCo,3100.0,3
165158,Conn Artists Theatre Company Ltd,Conn Artists Theatre Company Ltd,3098.43,1
GB931994295,OSC Ltd,OSC Ltd,3096.67,5
159722,Minimix Childcare Limited,Minimix Childcare Limited,3082.2,8
GB205952022,JMG Music Ltd,JMG Music Ltd,3070.9,1
GB693021446,Crown Flooring Ltd,Crown Flooring Ltd,3069.41,1
GB887133593,Experian Limited,Experian Limited,3066.75,1
GB542951438,PHS Group plc,PHS Group plc,3061.46,9
GB833522836,Crookes Walker Consulting Limited,Crookes Walker Consulting Limited,3060.0,2
GB265116416,dbnAudile Ltd,dbnAudile Ltd,3029.66,1
GB195942614,ADASS,ADASS,3019.0,1
132385,Partington Central Surgery,Partington Central Surgery,3013.72,9
139812,R Pepperdine & Sons Ltd,R Pepperdine & Sons Ltd,3006.98,3
146558,HMCS - GTR M/CR A/CS & ENFORCEMENT,HMCS - GTR M/CR A/CS & ENFORCEMENT,3005.4100000000003,8
GB199433756,Redbox Surveys Ltd,Redbox Surveys Ltd,3000.0,3
GB469205671,The Care Leaders Online LTD,The Care Leaders Online LTD,3000.0,1
GB404225344,Redline Planning Services Ltd,Redline Planning Services Ltd,3000.0,1
GB831579317,Imperative Training Ltd,Imperative Training Ltd,2980.0,2
167573,Jane Robinson Consulting,Jane Robinson Consulting,2951.7,2
GB278537121,PEARSON EDUCATION LTD,PEARSON EDUCATION LTD,2940.8,11
168155,The Family Tree Centre CIC Ltd,The Family Tree Centre CIC Ltd,2940.0,5
GB298657779,Eric Charlesworth Ltd,Eric Charlesworth Ltd,2912.1,10
GB383193144,Carpet Inn,Carpet Inn,2910.0,5
GB362532214,Grosvenor Asbestos Solutions Ltd.,Grosvenor Asbestos Solutions Ltd.,2905.0,7
GB667830108,Newsquest Media Group Ltd,Newsquest Media Group Ltd,2903.32,4
166930,UC-MindSolutions Ltd,UC-MindSolutions Ltd,2900.0,3
GB687834179,Surfacing Standards Ltd,Surfacing Standards Ltd,2900.0,1
167027,HC Assessment LTD,HC Assessment LTD,2880.0,6
GB752930916,Personal Care Consultants Ltd,Personal Care Consultants Ltd,2845.48,5
141070,Africans Unite Against Child Abuse,Africans Unite Against Child Abuse,2844.39,2
162034,Highfield Manor Care Home Ltd,Highfield Manor Care Home Ltd,2844.0,1
GB125450733,Pitney Bowes Finance Ltd,Pitney Bowes Finance Ltd,2832.56,6
168193,Olsen Radiology Ltd,Olsen Radiology Ltd,2822.25,5
GB234615029,10architect Ltd,10architect Ltd,2808.0,1
GB730859520,RELX (UK) Ltd,RELX (UK) Ltd,2803.55,4
GB335032242,Friday Club Developments Ltd,Friday Club Developments Ltd,2791.0,1
GB829284791,Zagota Creations Limited,Zagota Creations Limited,2788.0,3
GB318342219,Local Government Association,Local Government Association,2787.52,10
GB948965059,Osprey Healthcare Ltd,Osprey Healthcare Ltd,2775.84,12
GB437877010,Barrowmix Ltd,Barrowmix Ltd,2773.0,4
166860,Access 27 Ltd,Access 27 Ltd,2772.0,3
GB548248028,Granart Ltd,Granart Ltd,2770.0,12
159191,Eden Boys Leadership Academy,Eden Boys Leadership Academy,2765.66,3
GB104083066,Inventry Limited,Inventry Limited,2760.0,2
167074,Wordsmith Awards T/A Young Identity,Wordsmith Awards T/A Young Identity,2756.0,4
166955,Longway Avenues (LA) Care LTD,Longway Avenues (LA) Care LTD,2754.67,8
GB816539513,FGH Security Ltd,FGH Security Ltd,2749.27,7
145504,Button Lane Primary School,Button Lane Primary School,2727.33,2
GB466477701,Compass Group UK & I,Compass Contract Services (UK) Ltd,2722.0,2
GB935227914,Grassroots Recruitment Ltd,Grassroots Recruitment Ltd,2700.0,1
101768,Altrincham Methodist Church,Altrincham Methodist Church,2700.0,4
167916,UBI Lease Management Ltd,UBI Lease Management Ltd,2700.0,2
GB745963883,Volkswagen Fin Svcs (UK) Ltd,Volkswagen Fin Svcs (UK) Ltd,2695.88,12
167637,Willkates Ltd,Willkates Ltd,2692.0,1
GB419740736,Gullivers World Ltd,Gullivers World Ltd,2687.5,2
166941,Dr Katie Pierce,Dr Katie Pierce,2680.0,1
GB524446748,Marten Walsh Cherer Ltd,Marten Walsh Cherer Ltd,2676.45,10
GB992424301,Great Green Systems Ltd,Great Green Systems Ltd,2673.7,9
GB278441924,Hollowood Chemist Ltd (Sale),Hollowood Chemist Ltd (Sale),2660.38,54
GB129082319,Environmental Combustion Technologi,Environmental Combustion Technologi,2655.78,3
168116,Association La CanopÃ©e,Association La CanopÃ©e,2653.22,1
GB654430839,Blackpool Teaching Hospitals NHS FT,Blackpool Teaching Hospitals NHS FT,2652.71,4
GB927156121,Mi Hub Limited,Mi Hub Limited,2645.31,60
GB177552968,Break Away MCR Ltd,Break Away MCR Ltd,2644.0,8
106414,Shay Lane Medical Centre (Kelman),Shay Lane Medical Centre (Kelman),2630.0,17
GB638904412,The Care Team Ltd,The Care Team Ltd,2624.25,14
GB824442344,Carpet Corner (Atherton) Ltd,Carpet Corner (Atherton) Ltd,2620.85,1
GB654915415,Chelsea & Westminster NHS FT,Chelsea & Westminster NHS FT,2600.27,6
GB441078217,Wolverine Property Services Ltd,Wolverine Property Services Ltd,2600.0,2
GB478402963,Morgan Properties (UK) Ltd,Morgan Properties (UK) Ltd,2600.0,1
163509,Snow-Camp,Snow-Camp,2591.0,3
GB719008837,Kaplan Financial LTD,Kaplan Financial LTD,2584.99,4
167204,W4U SOLUTIONS LTD,W4U SOLUTIONS LTD,2559.62,15
GB377254373,Moving Onwards Limited,Moving Onwards Limited,2550.0,2
GB661865215,NLA Media Access Limited,NLA Media Access Limited,2502.0,1
GB439239374,Kingsdene Limited,Kingsdene Limited,2500.0,1
GB224491418,Ben Du Feu (Cornerstone Barristers),Ben Du Feu (Cornerstone Barristers),2500.0,1
GB437542192,Favsco 23 Ltd T/A Reeds Rains,Favsco 23 Ltd T/A Reeds Rains,2500.0,1
166546,Tiny & Tall Productions,Tiny & Tall Productions,2500.0,1
GB748381502,Fast Entry Locksmiths Limited,Fast Entry Locksmiths Limited,2467.5,25
168102,Abihealth Solutions Limited,Abihealth Solutions Limited,2456.2400000000002,4
161507,Imperial Treasury Services Ltd,Imperial Treasury Services Ltd,2452.05,1
168257,Care Worldwide Oldham Ltd,Care Worldwide Oldham Ltd,2451.4300000000003,2
168906,Uk Align Clinics Ltd,Uk Align Clinics Ltd,2450.0,1
167367,Premier Guarantee,Premier Guarantee,2450.0,2
GB491042169,Preservation Equipment Ltd,Preservation Equipment Ltd,2443.25,4
GB133022176,AAL LTD,AAL LTD,2437.0,1
GB146295159,Bestway Panacea Healthcare Ltd T/A,Bestway Panacea Healthcare Ltd T/A,2426.2,110
163472,BreathChamps CIC,BreathChamps CIC,2424.0,2
GB811541759,GL Education Group Ltd,Renaissance Learning UK Ltd,2422.35,2
GB216987765,Whitby's Memorials T/A Gaulters Mem,Whitby's Memorials T/A Gaulters Mem,2421.0,10
GB226484107,A1 Selection Property Services Ltd,A1 Selection Property Services Ltd,2420.0,3
168299,St Maxentius CE Primary School,St Maxentius CE Primary School,2418.0,3
167537,Merry Maids T/A Tailored Carpets,Merry Maids T/A Tailored Carpets,2414.0,5
GB906945695,C & T Pharmacy,C & T Pharmacy,2413.95,59
167921,Little Acorns Day Care Ltd,Little Acorns Day Care Ltd,2407.5,2
168753,Eddie Scoggins Safety Ltd,Eddie Scoggins Safety Ltd,2405.0,1
168777,GKG Properties Limited,GKG Properties Limited,2400.0,1
168652,Inspire Social Care Limited,Inspire Social Care Limited,2400.0,2
GB234781063,Central YMCA,Central YMCA,2400.0,3
GB936791578,Squad Ltd,Squad Ltd,2400.0,1
158792,The Owl Centre Ltd,The Owl Centre Ltd,2400.0,8
GB610415590,ICCM,ICCM,2395.0,7
GB991151809,Rijo42 Ingredients Ltd,Rijo42 Ingredients Ltd,2392.27,25
GB419087538,David Horn Communications Ltd,David Horn Communications Ltd,2388.0,1
GB981566286,Sale Blinds Ltd,Sale Blinds Ltd,2379.18,13
164493,Mental Health Associates Ltd,Mental Health Associates Ltd,2367.7,5
GB174837922,Southerns Solicitors Ltd,Southerns Solicitors Ltd,2355.09,3
168901,Glenhome Property Limited,Glenhome Property Limited,2350.0,2
GB500248105,Lambert Smith Hampton Grp Ltd(Fees),Lambert Smith Hampton Grp Ltd(Fees),2350.0,1
GB410179628,Libraries Connected,Libraries Connected,2349.85,3
166786,Linden Dance Company,Linden Dance Company,2345.55,3
GB891876954,Pressure Care Systems Ltd,Pressure Care Systems Ltd,2341.3,14
GB345498956,National Production Company Ltd,National Production Company Ltd,2337.95,1
GB693705407,Corner House Design & Print Ltd,Corner House Design & Print Ltd,2334.0,1
GB581705924,Selecta UK Ltd,Selecta UK Ltd,2310.4700000000003,10
GB500248105,Lambert Smith Hampton Grp Ltd(Fees),Gascoigne Halman Ltd,2308.0,1
GB174117714,Mark Thompson Productions Ltd,Mark Thompson Productions Ltd,2296.36,1
GB734018555,Housing Systems Ltd,Housing Systems Ltd,2275.0,3
GB773961880,L&Q T/A London & Quadrant Housing T,Limelight (L and Q),2274.34,19
GB453807188,Streetcars Ground Transportation,Streetcars Ground Transportation,2243.1,17
168489,Kamen Shoylev Law Firm,Kamen Shoylev Law Firm,2240.0,1
164159,Whistling Beetle Eco Consult Ltd,Whistling Beetle Eco Consult Ltd,2216.0,2
GB456451972,Fidelis Healthcare Ltd,Fidelis Healthcare Ltd,2215.5,5
GB989700858,The Training Co,The Training Co,2185.0,6
GB452183504,The Production Garden Limited,The Production Garden Limited,2182.7,1
GB732833044,Top Table Wedding & Events Ltd,Top Table Wedding & Events Ltd,2175.0,5
167767,Julia Greig T/A Octavia Consulting,Julia Greig T/A Octavia Consulting,2160.0,1
GB462261114,East Anglia Medical Care LTD,East Anglia Medical Care LTD,2140.0,1
GB683501338,Insight Lettings LTD,Insight Lettings LTD,2115.16,1
GB618806425,Mary Davey Chemist Ltd (Partington),Mary Davey Chemist Ltd (Partington),2104.47,91
GB743954701,The Fire Protection Association,The Fire Protection Association,2100.0,6
GB472878737,The Early Years Company T/A TEYC Lt,The Early Years Company T/A TEYC Lt,2100.0,1
160340,The Movez Movement Ltd,The Movez Movement Ltd,2080.0,1
GB233777195,Clibran Will Trust - Meller Speakma,Clibran Will Trust - Meller Speakma,2079.0,3
GB286537854,Convergence (Group Networks) Ltd,Convergence (Group Networks) Ltd,2060.76,1
GB727102071,Skills & Work Solutions (GC Employm,The Growth Company Ltd,2055.0,30
GB616265054,Jordan Fishwick LLP,Jordan Fishwick LLP,2046.15,1
GB440729162,Planglow Ltd,Planglow Ltd,2038.24,15
GB231633590,The Fostering Network,The Fostering Network,2038.16,3
GB455807078,Megacity Properties Ltd T/A Letting,Megacity Properties Ltd T/A Letting,2037.0,1
166864,Amy May T/A Amy's Babies,Amy May T/A Amy's Babies,2026.52,5
GB560627739,Digital ID Ltd,Digital ID Ltd,2023.33,20
GB787452385,Regenda Limited T/A Regenda Homes,Regenda Limited T/A Regenda Homes,2021.31,1
153287,Lip Service Ltd,Lip Service Ltd,2011.51,1
GB913123271,Jack Anderson C/O 39 Essex Chambers,Jack Anderson C/O 39 Essex Chambers,2000.0,1
GB447969234,CAYP Psychology Ltd,CAYP Psychology Ltd,2000.0,1
GB254629684,Salford Community Leisure Ltd,Salford Community Leisure Ltd,2000.0,1
GB500248105,Lambert Smith Hampton Grp Ltd(Fees),Countrywide Estate Agent (Denton) L,2000.0,1
159450,Croftwood Care UK Ltd,Croftwood Care UK Ltd,2000.0,3
159063,Our Kids Social Ltd,Our Kids Social Ltd,2000.0,2
GB787430791,ESRI (UK) Limited T/A Esri UK,ESRI (UK) Limited T/A Esri UK,2000.0,6
GB187840074,Commsec Ltd,Commsec Ltd,1995.5,8
GB219744096,Proquest LLC,Proquest LLC,1973.8,1
162592,Fiona King T/A FK Engraving,Fiona King T/A FK Engraving,1970.0,43
GB707992596,Premier Estates LTD,Premier Estates LTD,1969.13,9
GB757277100,Twofold Limited,Twofold Limited,1967.81,4
136936,Dr Patel Shay Lane Medical Centre,Dr Patel Shay Lane Medical Centre,1960.0,4
GB426391590,Curious Arts,Curious Arts,1950.0,2
GB179153287,Maple Tree Entertainment Ltd,Maple Tree Entertainment Ltd,1946.77,1
GB795154791,Social Landlords Crime & Nuisance,Social Landlords Crime & Nuisance,1943.0,1
GB325156812,Global Grooves,Global Grooves,1935.0,1
111467,Langdale Carpets Ltd,Langdale Carpets Ltd,1925.0,6
GB322725325,MiddlePeak Engineering Ltd,MiddlePeak Engineering Ltd,1911.0,2
GB734001580,Azesta Ltd,Azesta Ltd,1900.0,1
GB479392044,St Bede's Foundation,St Bede's Foundation,1894.66,2
GB149151958,Manchester City Council,Manley Park Primary School,1894.66,2
GB500248105,Lambert Smith Hampton Grp Ltd(Fees),Countrywide Estate Agents (Altrinch,1875.0,1
GB764566103,Jordan Fishwick West Limited,Jordan Fishwick West Limited,1875.0,1
GB883846961,Wider Plan Ltd T/A KiddiVouchers,Wider Plan Ltd T/A KiddiVouchers,1870.94,11
168496,H2 Homes,H2 Homes,1857.0,2
129042,Hulme Hall Educational Trust,Hulme Hall Grammar School,1853.33,1
GB754528512,RLSS UK Enterprises Ltd,RLSS UK Enterprises Ltd,1839.5,2
GB226618701,Argyle International T/A Greengauge,Argyle International T/A Greengauge,1830.0,1
GB654440681,Leeds Community Healthcare NHS Trus,Leeds Community Healthcare NHS Trus,1830.0,9
GB293902284,Scopus Asbestos Compliance,Scopus Asbestos Compliance,1825.0,6
GB937937568,Andy Gale T/A Andy Gale Housing Con,Andy Gale T/A Andy Gale Housing Con,1822.0,1
GB131734927,Nigra Leisure Ltd,Nigra Leisure Ltd,1821.25,14
132861,Chorlton Park Primary School,Chorlton Park Primary School,1818.34,1
GB625768411,Parker Harris Partenership,Parker Harris Partenership,1800.0,2
GB900476840,Sam Keeling-Roberts,Sam Keeling-Roberts,1800.0,1
GB393148870,IC Planning Ltd,IC Planning Ltd,1800.0,1
168306,Lexus Property Ltd,Lexus Property Ltd,1800.0,1
163535,Mowden Schools Academy Trust,Mowden Schools Academy Trust,1799.21,3
GB152177716,3B Training ltd,3B Training ltd,1797.0,3
GB244477687,Public Service Transformation Acad,Public Service Transformation Acad,1790.0,2
GB732909719,Philip James Partnership,Philip James Partnership,1775.0,2
GB390381939,Cobolt Systems Ltd,Cobolt Systems Ltd,1774.25,6
156771,Natl Assoc of Virt Sch Heads,Natl Assoc of Virt Sch Heads,1756.5,8
167630,Anna Whalen T/A Anna Whalen Consult,Anna Whalen T/A Anna Whalen Consult,1750.0,1
GB411348137,Rossendale Sch - Aspris Child Svcs,Aspris Childrens Svcs Ltd Oliver Hs,1739.76,1
GB626604544,Institute Of Revenues Rating & Valu,Institute Of Revenues Rating & Valu,1738.5,12
166469,Davyhulme Management Company Ltd,Davyhulme Management Company Ltd,1729.88,2
GB158069248,T Haynes Chorley & Co,T Haynes Chorley & Co,1725.0,2
113867,MCC COLLECTION FUND,MCC COLLECTION FUND,1724.04,8
GB500248105,Lambert Smith Hampton Grp Ltd(Fees),Countrywide T/A Bridgfords,1723.0,1
GB945092022,Patrol,Cheshire East Borough Council,1716.0,3
150480,Riddings Family Health Centre,Riddings Family Health Centre,1700.0,10
GB634556136,John Packer Ltd,John Packer Ltd,1690.0,4
168165,South Manchester Care Ltd,South Manchester Care Ltd,1680.23,37
168782,Dementia Disco CIO,Dementia Disco CIO,1680.0,1
167476,Joel White T/A BMS Wellbeing Servic,Joel White T/A BMS Wellbeing Servic,1680.0,1
151735,Manchester Action on Street Health,Manchester Action on Street Health,1672.5,3
GB486742111,Bright Ideas Business Gifts Ltd,Bright Ideas Business Gifts Ltd,1671.0,12
GB294073390,CPGM Healthcare Limited,CPGM Healthcare Limited,1666.67,1
GB354649920,Prestwich Cycle Factors Ltd,Prestwich Cycle Factors Ltd,1666.66,1
168780,The Granary Family Contact Centre,The Granary Family Contact Centre,1665.0,5
123735,St Peters Hale Assembly Rooms,St Peters Hale Assembly Rooms,1664.0,2
GB170979275,Robin Hood Beds Ltd,Robin Hood Beds Ltd,1658.83,11
GB425875763,Visionary Network Ltd,Visionary Network Ltd,1650.0,1
GB382474630,Arjo UK Ltd,Arjo UK Ltd,1638.32,8
GB301823444,Boxphish Ltd,Boxphish Ltd,1632.0,1
167734,Monkey Puzzle Day Nursery,Monkey Puzzle Day Nursery,1630.98,1
GB883967847,The Demolition Consultancy Ltd,The Demolition Consultancy Ltd,1625.0,1
GB461966069,WINA Tutorial College,WINA Tutorial College,1610.0,3
164229,Caroline Vallance T/A Caroline Coat,Caroline Vallance T/A Caroline Coat,1600.0,10
GB254094212,Hills Lettings Ltd T/A Hills Lettin,Hills Lettings Ltd T/A Hills Lettin,1600.0,1
168863,New Care Opco (Woodford) Ltd,New Care Opco (Woodford) Ltd,1600.0,2
GB327940487,Riverside Installations Limited,Riverside Installations Limited,1600.0,2
GB561012488,Age UK Trafford,Age UK Trafford,1586.6599999999999,33
GB551428257,Dotted Eyes Ltd T/A MISO,Dotted Eyes Ltd T/A MISO,1580.0,1
GB495905541,ETC CHAUFFEUR LTD T/A ETC CHAUFFEUR,ETC CHAUFFEUR LTD,1575.18,3
167730,Cloverleaf Advocacy 2000 Ltd,Cloverleaf Advocacy 2000 Ltd,1574.2200000000003,3
GB140913437,WTB Solicitors LLP,WTB Solicitors LLP,1574.06,1
167253,The Mericourt Nursery Ltd,The Mericourt Nursery Ltd,1560.0,1
GB342648942,The Chartered Inst of Proc & Supply,The Chartered Inst of Proc & Supply,1558.5,2
GB117124253,Bella Windows Ltd,Bella Windows Ltd,1540.0,14
GB472360203,Intercard Group Limited,Intercard Group Limited,1539.9,9
164821,My3 Limited,My3 Limited,1529.75,9
GB145217583,Bannister Preston Solicitors,Bannister Preston Solicitors,1526.25,11
GB795862660,Chartered Trading Standards Inst,Chartered Trading Standards Inst,1515.15,3
GB298370458,The Bridge Trading Company,The Bridge Trading Company,1515.0,2
GB661950915,Signalong the Communication Charity,Signalong the Communication Charity,1514.2,7
GB204605152,Mark Batey Associates Ltd,Mark Batey Associates Ltd,1513.7,2
168197,DTL Access Ltd,DTL Access Ltd,1509.17,3
GB177785447,Books Asia,Books Asia,1508.28,4
GB486153568,Core Estates Nw Limited,Core Estates Nw Limited,1507.0,1
GB478379919,Dish Events & Catering,Dish Events & Catering,1503.6,4
153203,United Utilities Department,United Utilities Department,1500.0,1
GB127248178,Derbyshire County Council,Derbyshire County Council,1500.0,1
167572,Salford Foster Carers Association,Salford Foster Carers Association,1500.0,1
GB317256606,WeMakeAudio Ltd T/A WeMakeAudio/Jam,WeMakeAudio Ltd T/A WeMakeAudio/Jam,1500.0,1
160317,Cambian Education Services Ltd,Cambian Education Services Ltd,1500.0,1
162618,Reliance Social Housing CIC,Reliance Social Housing CIC,1497.3,1
GB164216425,Pixel Financial Management Ltd,Pixel Financial Management Ltd,1490.0,1
164395,St John Street Chambers,St John Street Chambers,1489.0,5
GB537928112,Physical Company Ltd,Physical Company Ltd,1485.94,1
GB119172521,Independent Life Solutions Ltd,Independent Life Solutions Ltd,1477.82,35
166382,ICANN,ICANN,1477.5,1
GB213312955,Equal Education,Equal Education,1472.0,4
GB119579241,G Ryder & Co Limited,G Ryder & Co Limited,1470.28,1
GB902475439,ABC North West Ltd,ABC North West Ltd,1462.5,4
GB471406112,GB Trophies Ltd,GB Trophies Ltd,1457.0,2
GB575922800,CIA Fire & Security Limted,CIA Fire & Security Limted,1454.0,5
168635,Urban Life Property Letting and Mgm,Urban Life Property Letting and Mgm,1450.0,1
167722,Mohsen / Jerr Property,Mohsen / Jerr Property,1450.0,1
168755,My Solution Wellbeing,My Solution Wellbeing,1450.0,1
GB676285493,Thornbury Nursing Services,Thornbury Nursing Services,1446.94,6
164924,RASHEEDAH BANKOLE T/A FARASKAM LTD,RASHEEDAH BANKOLE T/A FARASKAM LTD,1440.0,3
GB974370789,Optimised IT Limited,Optimised IT Limited,1431.72,14
156132,Gemma Armer T/A Onyx Acad of Dance,Gemma Armer T/A Onyx Acad of Dance,1430.0,1
GB197561267,RMN BIA and AMHP Servies Ltd,RMN BIA and AMHP Servies Ltd,1411.2,12
GB280061977,Staffordshire CC (Highways Lab),Staffordshire CC (Highways Lab),1402.65,12
GB768190105,Fido PR Limited,Fido PR Limited,1400.0,1
167003,The Theatre Company Blah Blah Blah!,The Theatre Company Blah Blah Blah!,1400.0,1
168626,Mahdlo (Oldham Youth Zone),Mahdlo (Oldham Youth Zone),1400.0,2
GB809707216,Banya Family Placement Agency Ltd,Banya Family Placement Agency Ltd,1388.04,2
GB230453641,Immersion Theatre,Immersion Theatre,1385.15,1
168134,Mecrow Medical Services Ltd,Mecrow Medical Services Ltd,1380.0,1
GB308701323,Liftesc Limited,Liftesc Limited,1375.0,1
GB153275515,Makin Projects,Makin Projects,1372.86,1
GB151706386,Florence Roby Ltd,Florence Roby Ltd,1372.75,1
160433,Speechwise 2 Ltd,Speechwise 2 Ltd,1358.0,5
GB343412878,Thomas Fattorini Ltd,Thomas Fattorini Ltd,1351.13,4
GB172849966,Nominet UK,Nominet UK,1350.16,8
GB252497684,PE Passport,PE Passport,1350.0,1
GB427878737,TEYC Ltd,TEYC Ltd,1350.0,3
168805,Michad Properties Limited,Michad Properties Limited,1345.0,1
GB236397245,British Pest Control Association (B,British Pest Control Association (B,1339.0,1
GB268164873,Lisa Richards UK LTD,Lisa Richards UK LTD,1331.21,1
167610,Mossley Hollins High School,Mossley Hollins High School,1330.0,3
GB576134334,Ecolab Ltd,Ecolab Ltd,1325.0,2
GB172184511,Bread and Butter Creative Ltd,Bread and Butter Creative Ltd,1307.0,6
167254,Greater Manchester Youth Federation,Greater Manchester Youth Federation,1305.0,2
GB654970895,Central & North West London NHS FT,Central & North West London NHS FT,1301.99,18
GB388690391,Lyn Oakes Ltd,Lyn Oakes Ltd,1296.78,1
GB166322514,H2O Flowtech Ltd,H2O Flowtech Ltd,1296.38,3
GB218979065,Bremner and Bremner Co Ltd,Bremner and Bremner Co Ltd,1292.16,3
GB778045304,ITS Training (UK) Ltd.,ITS Training (UK) Ltd.,1288.0,1
155525,The Foster Care Charity,The Foster Care Charity,1286.8299999999997,8
GB677593082,Belle Vue (Manchester) Ltd,Belle Vue (Manchester) Ltd,1275.0,2
165011,Mak Connect Ltd,Mak Connect Ltd,1267.8,10
GB923276818,Wolf Laundry Ltd,Wolf Laundry Ltd,1260.0,12
167997,Oulder Hill Leadership Academy,Oulder Hill Leadership Academy,1260.0,5
168749,Steve Longbottom Photography,Steve Longbottom Photography,1250.0,1
GB149283837,Salford City Council,St Patricks RC High School,1248.0,2
167613,The Harmony Trust,The Harmony Trust,1210.0,3
GB908894867,Technical & Development Services,Technical & Development Services,1200.0,1
GB888809938,ACAS,ACAS,1200.0,1
GB158556040,Stockport MBC (Accts Receiveable),Cheadle Catholic Infant School,1200.0,1
GB564553916,St John Ambulance,St John Ambulance,1190.0,2
167541,Ambition Is Good Ltd,Ambition Is Good Ltd,1188.0,2
GB403511449,EnvoSure Limited,EnvoSure Limited,1176.0,1
GB213329300,Pitney Bowes Limited,Pitney Bowes Limited,1170.58,8
GB185011332,Champion Cleaning Services Ltd,Champion Cleaning Services Ltd,1170.0,6
GB986615372,Well Informed Ltd,Well Informed Ltd,1162.0,1
GB477518116,Ferret Information Systems Ltd,Ferret Information Systems Ltd,1161.5,2
GB598070603,Andrew Melling Ltd,Andrew Melling Ltd,1161.25,3
GB107483420,Collaborate and Innovate Ltd,Collaborate and Innovate Ltd,1154.79,20
GB316416226,TraffordCity Snowcentre Ltd,TraffordCity Snowcentre Ltd,1145.83,1
GB336722205,Keep Britain Tidy,Keep Britain Tidy,1145.0,2
GB169161156,Wilkes Catering Supplies Ltd,Wilkes Catering Supplies Ltd,1137.69,5
GB234041115,D and B Solutions UK Ltd,D and B Solutions UK Ltd,1137.5,1
GB152847160,Warrington Borough Council,Newchurch Primary School,1137.0,2
GB232001381,PrescQIPP C.I.C.,PrescQIPP C.I.C.,1125.0,3
120176,Dr A K Sahal T/A The Family Surgery,Dr A K Sahal T/A The Family Surgery,1120.0,3
166569,More Than Speech Therapy Ltd,More Than Speech Therapy Ltd,1116.8,4
168833,J Cardwell Expert Reports Ltd,J Cardwell Expert Reports Ltd,1107.0,2
102615,Kevin Flanagan T/A St Antonys Centr,Kevin Flanagan T/A St Antonys Centr,1106.0,3
GB165662152,Sefton Council,Sefton Council,1100.0,1
156205,Della Holliday Ltd,Della Holliday Ltd,1100.0,1
168072,S4YC LTD,S4YC LTD,1095.06,3
GB107142944,S&S Marquees Limited,S&S Marquees Limited,1090.0,5
GB483797387,United Utilities Water Plc,United Utilities Water Plc,1087.0,4
165267,Tom Hardwicke T/A Folksy Theatre,Tom Hardwicke T/A Folksy Theatre,1082.09,1
GB976181976,P M Leyland Ltd,P M Leyland Ltd,1075.0,3
GB232555575,Screwfix Direct Ltd,Screwfix Direct Ltd,1065.57,22
158588,Care Direct (Salford) Ltd,Care Direct (Salford) Ltd,1065.15,15
GB234320251,Harry & Partners Ltd,Harry & Partners Ltd,1064.58,34
GB918510332,HCRG Care Services Ltd,HCRG Care Services Ltd,1062.0,10
GB220421764,The Peoples Theatre Company,The Peoples Theatre Company,1060.0,1
167381,Malcolm Barton T/A Zebra Promotions,Malcolm Barton T/A Zebra Promotions,1050.0,1
GB529114555,Prestige Network Limited,Prestige Network Limited,1048.1,3
GB126662217,Innotec Hygiene Solutions Limited,Innotec Hygiene Solutions Limited,1047.0,1
GB560748233,Knightsbridge VendingÂ Ltd,Knightsbridge VendingÂ Ltd,1046.0,14
GB145150887,Broomwood Pharmacy Ltd,Broomwood Pharmacy Ltd,1042.12,56
GB673317529,Motor Accident Protection Serv Ltd,Motor Accident Protection Serv Ltd,1028.25,4
GB727002468,Aluminium Access Products Ltd,Aluminium Access Products Ltd,1025.0,1
GB719407820,Drainage Consultants LTD,Drainage Consultants LTD,1020.0,1
GB410068542,Elevate Youth Ltd,Elevate Youth Ltd,1012.8,1
165018,Jo Lavelle T/A Jo Lavelle Jewellery,Jo Lavelle T/A Jo Lavelle Jewellery,1011.26,2
167116,Smiley Sports,Smiley Sports,1011.0,4
163154,Pop N Olly Ltd,Pop N Olly Ltd,1000.0,2
GB973463589,Civic Engineers Limited,Civic Engineers Limited,1000.0,2
168298,My Place Homes Ltd,My Place Homes Ltd,1000.0,2
163156,Adam Carver T/A Fatt Projects Ltd,Adam Carver T/A Fatt Projects Ltd,1000.0,1
164443,Superfan Performance Ltd T/A Superf,Superfan Performance Ltd T/A Superf,1000.0,1
GB462471589,Secret Planet Limited,Secret Planet Limited,1000.0,1
GB561273255,GADCCTI Ltd T/A A&SCC,GADCCTI Ltd T/A A&SCC,1000.0,1
GB267797044,Redactive Publishing Ltd,Redactive Publishing Ltd,999.0,1
GB931858305,Matrix Group T/A Matrix Biohazard S,Matrix Group T/A Matrix Biohazard S,995.0,1
GB927388680,Sight & Sound Technology Ltd,Sight & Sound Technology Ltd,995.0,1
167840,Choir Boys Productions,Choir Boys Productions,993.34,1
GB785115910,Escape Fitness LTD,Escape Fitness LTD,985.0,1
GB437019503,SkyPeople Training Limited,SkyPeople Training Limited,985.0,1
GB266933272,A Consultancy Services Ltd,A Consultancy Services Ltd,980.0,1
168679,The Property File - DEPOSITS,The Property File - DEPOSITS,980.0,1
GB177923761,Hyperfine Media Ltd,Hyperfine Media Ltd,975.0,1
GB980705604,Social Business International Ltd,Social Business International Ltd,975.0,1
GB210198737,Andrew Jenner Ltd,Andrew Jenner Ltd,975.0,1
GB124781023,Epos Now Ltd,Epos Now Ltd,973.0,2
GB457463424,Cohens Chemist (Altrincham),Cohens Chemist (Altrincham),957.9399999999999,23
168315,Little Seeds Music CIC,Little Seeds Music CIC,950.0,1
GB837156024,UK Association for Music Education,UK Association for Music Education,950.0,2
GB580583816,The Association of Electoral Admini,The Association of Electoral Admini,939.5,3
GB682617905,SP Services (UK) Ltd,SP Services (UK) Ltd,931.94,1
GB104205964,JCS Online Resources Ltd,JCS Online Resources Ltd,926.1999999999999,2
GB150591479,Hirequirements Limited,Hirequirements Limited,923.0,6
167817,Home Service,Home Service,918.8,1
GB174577669,More than loft ladders,More than loft ladders,915.9,1
GB645243445,Human Focus International Ltd,Human Focus International Ltd,900.0,1
160708,The Herd Theatre,The Herd Theatre,900.0,1
123737,2nd Timperley Scout Group,2nd Timperley Scout Group,900.0,3
167188,Bowdon Allotment and Garden Society,Bowdon Allotment and Garden Society,896.0,4
GB973535003,Dynamic FM Ltd,Dynamic FM Ltd,893.6700000000001,4
116764,Leisure For Autism,Leisure For Autism,890.0,3
167415,Bamford Academy,Bamford Academy,880.0,2
GB846231923,AttoLife Ltd,AttoLife Ltd,879.38,5
GB137632314,SPL Fire Safety Ltd,SPL Fire Safety Ltd,872.5,1
GB358963890,Cyclists Touring Club T/A Cycling U,Cyclists Touring Club T/A Cycling U,866.7800000000001,3
GB290885854,Supply Chain Coordination Ltd,Supply Chain Coordination Ltd,858.88,28
100681,Kenneth Jarvis Photography,Kenneth Jarvis Photography,857.42,4
GB700602494,Thriiver Limited,Thriiver Limited,851.0,2
166848,Fifield Training Ltd.,Fifield Training Ltd.,850.0,1
GB787875936,Kenworthy's Chambers,Kenworthy's Chambers,850.0,6
166331,The Property File Ltd - RENT,The Property File Ltd - RENT,850.0,1
164039,One Tenth Human,One Tenth Human,850.0,1
GB470178882,The Cleaners Hub Ltd T/A Maid Up No,The Cleaners Hub Ltd T/A Maid Up No,850.0,1
126393,Touchdown Dance,Touchdown Dance,842.0,6
GB880720227,Hbinfo Ltd,Hbinfo Ltd,840.0,2
GB425176991,Blue Rhino Graphix Ltd,Blue Rhino Graphix Ltd,840.0,1
GB149151958,Manchester City Council,The King David High School,834.0,2
GB593735990,DELTA TELECOM SOUND & SECURITY LTD,DELTA TELECOM SOUND & SECURITY LTD,832.5,1
GB803814742,ParentPay Ltd,ParentPay Ltd,829.16,8
GB654923417,Guy's and St Thomas' NHS FT,Guy's and St Thomas' NHS FT,823.3299999999999,4
GB679216011,PCT Healthcare Ltd (Peak Pharmacy),PCT Healthcare Ltd (Peak Pharmacy),822.51,20
GB487856126,re-form Landscape Architecture (202,re-form Landscape Architecture (202,815.0,1
167852,OffTheJackel Ltd,OffTheJackel Ltd,800.0,1
GB302783027,Wrongsemble,Wrongsemble,800.0,1
GB427388077,LJR GROUP LTD,LJR GROUP LTD,800.0,2
167895,Half a String,Half a String,800.0,1
166663,The Greater Manchester Trust for Re,The Greater Manchester Trust for Re,800.0,1
GB677339196,Timberwise (UK) Ltd,Timberwise (UK) Ltd,795.0,2
GB128883379,1st Line Defence Limited,1st Line Defence Limited,795.0,2
GB654947005,Barts Health NHS Trust,Barts Health NHS Trust,793.0,2
GB654400165,Sheffield Teaching Hospitals NHS FT,Sheffield Teaching Hospitals NHS FT,791.0,5
167789,Mather Care Limited,Mather Care Limited,790.0,1
167526,Grace Urum T/A Eden Cleaners,Grace Urum T/A Eden Cleaners,790.0,1
GB446029455,Filmbank Distributors Ltd,Filmbank Distributors Ltd,783.0,9
GB864466589,AQA Education,AQA Education,770.35,1
GB133114659,Matthew Carey,Matthew Carey,762.5,1
GB273181702,Neurobox Ltd,Neurobox Ltd,761.0,2
GB435681088,Sketchbook Design MCR Ltd,Sketchbook Design MCR Ltd,755.89,9
167646,Batala Manchester,Batala Manchester,750.0,1
GB909171620,Rise & Amplify,Rise & Amplify,750.0,1
GB640643259,Kirklees Theatre Trust,Kirklees Theatre Trust,750.0,1
163610,Caroline Boyd T/A Boy Oh Boy Design,Caroline Boyd T/A Boy Oh Boy Design,750.0,1
GB214058146,Struktura Engineering Services Ltd,Struktura Engineering Services Ltd,750.0,1
166524,The Cequin Circus,The Cequin Circus,750.0,1
GB449755150,JJâs Caribbean Kitchen and Bar Ltd,JJâs Caribbean Kitchen and Bar Ltd,750.0,1
GB295352968,Lighthouse Security Ltd,Lighthouse Security Ltd,749.56,2
165892,Stretford Grammar School,Stretford Grammar School,742.3199999999999,2
159885,Independent Prov of Special Edu Adv,Independent Prov of Special Edu Adv,736.0,2
GB792737680,Table Linen Company Ltd,Table Linen Company Ltd,721.22,8
165889,Crossens Nursery School,Crossens Nursery School,720.0,1
110148,Sharon Youth Association,Sharon Youth Association,720.0,7
GB102838980,The Book Service Ltd,The Book Service Ltd,719.1,1
GB942950213,Dizions Ltd T/A Charitylog,Dizions Ltd T/A Charitylog,719.0,1
GB123353839,National Day Nurseries Association,National Day Nurseries Association,715.35,7
166609,The Mindful Learning Project Ltd,The Mindful Learning Project Ltd,715.05,1
166948,The Ray and Diana Harryhausen Found,The Ray and Diana Harryhausen Found,712.19,3
158274,Lawyers in Local Government,Lawyers in Local Government,705.0,1
111076,Sale Brass Band,Sale Brass Band,700.0,2
GB227857923,Thompsons Solictors LLP,Thompsons Solictors LLP,700.0,2
167486,LTE Group,LTE Group,700.0,2
167470,St. Joseph Catholic Primary,St. Joseph Catholic Primary,699.0,1
GB894889433,Commify UK Ltd,Commify UK Ltd,696.25,25
GB232733230,Caring For Care Limited,Caring For Care Limited,695.0,1
GB439247474,LP SD Forty Six Ltd,LP SD Forty Six Ltd,694.63,34
165518,Sarah Parr Decorating,Sarah Parr Decorating,694.12,6
GB974689547,Greater Manchester TreeStation Ltd,Greater Manchester TreeStation Ltd,692.56,2
GB250760421,NCCTC Limited,NCCTC Limited,690.6,3
GB889506368,Shield Products Ltd,Shield Products Ltd,689.0,1
167227,Manchester 31 Boxing Academy,Manchester 31 Boxing Academy,676.48,2
102007,TV Licensing,TV Licensing,675.0,2
165343,Executive Trophies,Executive Trophies,662.9,4
168589,Oswaldtwistle Funeral Care,Oswaldtwistle Funeral Care,661.0,3
166159,Family Court Lancashire Police,Family Court Lancashire Police,658.3,5
162729,Robert Lloyd Parry,Robert Lloyd Parry,657.03,1
GB461582485,Progress Arc Ltd,Flourish Learning Ltd,650.0,1
GB584940013,RICS (Royal Inst of Ch Surveyors),RICS (Royal Inst of Ch Surveyors),650.0,1
166908,UCS Medical Ltd,UCS Medical Ltd,650.0,3
GB466845545,ATEM Trading Co Ltd T/A The Bridge,ATEM Trading Co Ltd T/A The Bridge,642.5,2
GB720348755,Campbell Associates LimitedÂ,Campbell Associates LimitedÂ,642.4,1
GB314304057,Flex360 LTD,Flex360 LTD,640.0,1
168710,Thomas David Lloyd T/A TDL Care Ltd,Thomas David Lloyd T/A TDL Care Ltd,640.0,3
GB581472136,Covergold Ltd,Covergold Ltd,635.0,2
GB730859520,RELX (UK) Ltd,RELX (UK) Ltd T/A LexisNexis UK,629.0,1
101994,GIVE AS YOU EARN,GIVE AS YOU EARN,622.0,12
GB337055605,Assoc Direct of Env Eco Plan & Tran,Assoc Direct of Env Eco Plan & Tran,620.0,1
GB210170629,Connevans Ltd,Connevans Ltd,611.84,17
GB555844021,APEX Radio Systems Ltd,APEX Radio Systems Ltd,604.0,2
167238,Thornton Primary School,Thornton Primary School,600.0,1
160364,The Laurus Trust,The Laurus Trust,600.0,1
GB494013007,BeMore Inspired Limited,BeMore Inspired Limited,600.0,1
GB181899357,Co-operative Press Ltd T/A Co-op Ne,Co-operative Press Ltd T/A Co-op Ne,600.0,1
166226,Emmerson & Ward Productions,Emmerson & Ward Productions,600.0,1
167923,Rachael Turner Therapy,Rachael Turner Therapy,600.0,1
166974,Forward As One CofE MAT,Forward As One CofE MAT,600.0,1
GB165662152,Sefton Council,Larkfield Primary School,600.0,1
GB781785777,Career Connections Ltd,Career Connections Ltd,600.0,1
168317,bMindful Psychology Ltd,bMindful Psychology Ltd,600.0,2
168126,Ladybridge Primary School,Ladybridge Primary School,600.0,1
166301,Clare Mount Specialist Sports Coll,Clare Mount Specialist Sports Coll,600.0,1
167950,Sean Anthony Health & Wellness,Sean Anthony Health & Wellness,599.0,1
GB289016578,The Attachment Research Community,The Attachment Research Community,598.0,1
GB707761524,Jigsaw Homes North - GENERAL,Jigsaw Homes North - GENERAL,596.5600000000001,2
149409,School Energy Matters LtdÂ,School Energy Matters LtdÂ,596.0,4
GB673470227,Edge Hill University,Edge Hill University,592.0,1
162809,Warrington Speak Up,Warrington Speak Up,590.6,5
153324,Altrincham CE Primary School,Altrincham CE Primary School,585.5,1
GB213329300,Pitney Bowes Limited,Pitney Bowes Ltd,582.08,4
GB129798849,Medicstar Ltd T/A Pelican Pharmacy,Medicstar Ltd T/A Pelican Pharmacy,580.07,28
GB670817032,Morelock Signs Ltd,Morelock Signs Ltd,579.64,1
163991,Friends Families and Travellers,Friends Families and Travellers,575.0,1
GB540385554,Improvement & Development Agency,Improvement & Development Agency,568.8,3
167951,Medico Legal UK Chambers Ltd,Medico Legal UK Chambers Ltd,567.0,6
GB654965884,The Homerton Healthcare NHS FT,The Homerton Healthcare NHS FT,565.53,5
GB524965032,Lasa Charity UK Ltd,Lasa Charity UK Ltd,565.0,2
GB153833996,Motion Picture Licensing Company Lt,Motion Picture Licensing Company Lt,564.47,2
GB191691580,Welcare Secure Escorts Ltd,Welcare Secure Escorts Ltd,562.5,3
165695,Quotes on Cards,Quotes on Cards,560.97,5
GB401118852,Clearlands & McNamara's Env Svs Ltd,Clearlands & McNamara's Env Svs Ltd,560.0,1
GB908632026,Medicus Mellitus Ltd,Medicus Mellitus Ltd,554.85,2
GB437822241,Onward Group T/A Onward Homes Ltd,Onward Group T/A Onward Homes Ltd,550.44,1
167861,Britannia Process Servers Ltd,Britannia Process Servers Ltd,550.0,2
GB103561257,Living Wage Foundation,Living Wage Foundation,550.0,1
168244,Liverpool Student Lettings,Liverpool Student Lettings,550.0,1
GB707968101,Unit One Entertainments LLP,Unit One Entertainments LLP,550.0,2
GB345025622,Young Giants Ltd T/A Young Giants,Young Giants Ltd T/A Young Giants,550.0,1
104670,LawGuide Ltd,LawGuide Ltd,547.62,3
168474,Arawak Walton Housing Association L,Arawak Walton Housing Association L,545.83,1
GB330133558,Northern Fix Ltd T/A Ornament Art,Northern Fix Ltd T/A Ornament Art,543.4,3
GB803826340,Garden Court North Chambers,Garden Court North Chambers,540.0,1
GB654947886,The Royal Wolverhampton NHS Trust,The Royal Wolverhampton NHS Trust,536.0,4
GB408232227,Community Bike Kitchen CiC,Community Bike Kitchen CiC,525.0,2
168095,S&G Assessments,S&G Assessments,523.02,2
GB184162995,Symetri Limited,Symetri Limited,518.4,1
GB278202695,Garment Printing Ltd,Garment Printing Ltd,516.0,1
GB143228435,Gardner Mawdsley Print Ltd,Gardner Mawdsley Print Ltd,516.0,2
GB570694713,Bruntwood Management Services Ltd,Unify Energy,515.14,14
168486,Made By Katie Green Ltd,Made By Katie Green Ltd,513.7,3
GB315355616,Smirthwaite Ltd,Prism UK Medical Ltd,506.4,1
116630,North West Parent Partnership Conso,North West Parent Partnership Conso,500.36,2
156151,Salford City Council,Salford City Council,500.25,1
GB200752454,Scintilla Intellectual Property Lim,Scintilla Intellectual Property Lim,500.0,1
104698,Flixton Band,Flixton Band,500.0,1
167023,Donât Go Into The Cellar!,Donât Go Into The Cellar!,500.0,1
GB452213135,DAC Landscape Architecture T/A Dacl,DAC Landscape Architecture T/A Dacl,500.0,1
GB117693203,The Whitehaven Academy,The Whitehaven Academy,500.0,1
158553,Gail Cooke t/a Laughing Dog Music,Gail Cooke t/a Laughing Dog Music,500.0,1
GB215395902,Cold Star Media,Cold Star Media,500.0,1
167609,Winnington Park Community Primary,Winnington Park Community Primary,499.25,2
GB824503940,Remtek Workplace,Remtek Workplace,498.0,2
167726,Intrahealth ltd,Intrahealth ltd,495.64,1
GB104742302,Theatre Royal (Norwich) Services Lt,Theatre Royal (Norwich) Services Lt,494.05,1
GB635908614,Bunzl UK Ltd T/A Care Shop,Bunzl UK Ltd T/A Care Shop,492.58,12
GB851715427,DH Complete Cleaning Contractors,DH Complete Cleaning Contractors,491.0,1
168586,Full Circle Care,Full Circle Care,490.0,1
133090,Institute of Licensing Ltd,Institute of Licensing Ltd,488.0,1
131690,St Albans Church,St Albans Church,480.0,1
GB183194493,RSGB Ltd,RSGB Ltd,475.0,1
GB471206514,Biodiversity Units UK Ltd,Biodiversity Units UK Ltd,469.75,1
GB347630450,Browns Books for Students,Browns Books for Students,464.77000000000004,4
GB708545916,J C Atkinson & Son Ltd,J C Atkinson & Son Ltd,460.0,1
167228,Holly Leaf Assessments Ltd,Holly Leaf Assessments Ltd,460.0,1
GB654349715,Tributes Limited T/A Petributes,Tributes Limited T/A Petributes,459.5,2
GB790209430,Think Employment Limited,Think Employment Limited,458.33,1
GB150486712,Zoolab Ltd,Zoolab Ltd,458.0,2
GB179328036,H C Slingsby Plc,H C Slingsby Plc,457.0,1
GB149193544,Tameside MBC,Oakdale School,454.64,2
GB254375789,Dr Grange and Associates,Dr Grange and Associates,453.6,1
GB410619823,One6th Ltd,One6th Ltd,450.0,1
GB102870639,Beechwood Industries Ltd,Beechwood Industries Ltd,450.0,1
168020,Rodina Music,Rodina Music,450.0,1
GB442138908,Nyammings Catering Ltd,Nyammings Catering Ltd,450.0,1
GB377756636,LARAC Ltd,LARAC Ltd,445.0,1
101883,Humphrey Park Community Association,Humphrey Park Community Association,442.0,3
165529,Little Petals Day Nursery Ltd,Little Petals Day Nursery Ltd,436.0,1
GB856056413,Mind Professionals Ltd,Mind Professionals Ltd,432.0,1
GB848984650,Travel Master (Mcr) Ltd,Travel Master (Mcr) Ltd,425.0,1
GB561017669,Universal Container Services Ltd,Universal Container Services Ltd,425.0,1
GB134622042,Creative Tourist Ltd,Creative Tourist Ltd,420.0,1
GB116071057,Assoc of Advs for Out Learn & Edu V,Assoc of Advs for Out Learn & Edu V,420.0,3
164995,Ali Hamid,Ali Hamid,420.0,14
168566,LP Consultancy Services Ltd,LP Consultancy Services Ltd,419.8,1
GB638764202,Altrincham Garrick Society Limited,Altrincham Garrick Society Limited,416.67,1
152659,Paul Riley t/a Bounce n Paint,Paul Riley t/a Bounce n Paint,416.0,3
113184,Sale Moor Com. Partnership Ltd,Sale Moor Community Partnership Ltd,416.0,3
GB121004491,Double Reed Ltd.,Double Reed Ltd.,415.4,2
GB626640148,Booster Cushion Theatre Ltd,Booster Cushion Theatre Ltd,400.0,1
106644,Bramhall Health Centre,Bramhall Health Centre,400.0,2
168167,Bury Music Service Ltd,Bury Music Service Ltd,400.0,1
GB233105652,ABRSM,ABRSM,400.0,2
GB974974551,Coram Academy Ltd T/A CoramBAAF,Coram Family and Childcare Ltd,399.0,1
165932,Sale Healthcare Ltd (Coppice Pharm),Sale Healthcare Ltd (Coppice Pharm),396.8,25
104861,Stretford Church Hall & Inst Ltd,Stretford Church Hall & Inst Ltd,395.0,3
GB306786049,Garratts,Garratts,390.99,1
GB482021910,Midhurst Clinical Therapeutic S,Midhurst Clinical Therapeutic S,390.0,1
158226,Bernie Ryan Consultant Ltd,Bernie Ryan Consultant Ltd,390.0,1
GB930365537,Julie Stirpe Associates Ltd,Julie Stirpe Associates Ltd,390.0,1
GB904444834,Chart Institute of Legal Executives,Chart Institute of Legal Executives,387.0,1
GB240193143,Restore Datashred,Restore Datashred,385.95,3
GB285497155,Genuine Property Investments Ltd,Genuine Property Investments Ltd,380.0,1
167308,Royal Princess Parties UK,Royal Princess Parties UK,380.0,2
GB654943996,Mersey and West Lancs NHS Trust,Mersey and West Lancs NHS Trust,379.0,6
GB781688969,Richard L Thomas Associates Ltd,Richard L Thomas Associates Ltd,375.0,2
GB607979689,EBSCO Information Services,EBSCO Information Services,366.0,4
GB362012792,Asda Pharmacy (Trafford Park),Asda Pharmacy (Trafford Park),365.07,17
GB345808580,FUJ LTD,FUJ LTD,365.0,1
GB709814028,West Mercia Enforcement,West Mercia Enforcement,360.71,1
GB422941409,Drawing Board Productions CIC,Drawing Board Productions CIC,360.0,2
166182,A.S.H. (UK) Process Servers Ltd,A.S.H. (UK) Process Servers Ltd,360.0,6
110944,3rd Davyhulme Scout and Guide Band,3rd Davyhulme Scout and Guide Band,350.0,1
GB252641517,BagThing Ltd,BagThing Ltd,350.0,2
GB707761524,Jigsaw Homes North - GENERAL,Jigsaw Homes North,349.56,1
GB654434827,Nottingham University Hospitals NHS,Nottingham University Hospitals NHS,341.84,3
157256,Spotlight Drama Youth Theatre,Spotlight Drama Youth Theatre,335.0,1
166460,Banana Moon Altrincham,Banana Moon Altrincham,334.55,1
GB437585811,Ayres Violins Ltd,Ayres Violins Ltd,332.5,1
GB700458270,Aquaid Franchising Ltd,Aquaid Franchising Ltd,331.4,2
GB780304349,Q1Tum Limited,Q1Tum Limited,330.0,1
101556,Sale Moor Community Association,Sale Moor Community Association,330.0,4
GB836887077,Tobii Dynavox Ltd,Tobii Dynavox Ltd,327.75,1
GB985765549,Assoc of Democratic Servs Officers,Assoc of Democratic Servs Officers,327.25,1
GB985336088,Contacta Systems Ltd,Contacta Systems Ltd,326.4,1
GB927258012,Evac+ Chair International Ltd,Evac+ Chair International Ltd,322.0,1
GB264553156,Slater Menswear,Slater Menswear,315.83,1
GB182879709,Tunstall Healthcare (Uk) Ltd,Tunstall Healthcare (Uk) Ltd,312.03000000000003,5
GB275765459,ASDAN,ASDAN,311.0,2
GB378272855,P P O'Connor Enviro Ltd,P P O'Connor Enviro Ltd,310.0,1
GB277608761,Design Print Banner LTD,Design Print Banner LTD,309.20000000000005,3
GB730859520,RELX (UK) Ltd,LexisNexis Risk Solutions UK Ltd,302.56,1
GB654435138,North West Ambulance Serv NHS Trust,North West Ambulance Serv NHS Trust,301.06,1
GB463029795,Longfords Suite,Longfords Suite,300.0,2
GB239214763,Solicitors Regulation Authority Ltd,Solicitors Regulation Authority Ltd,300.0,2
168797,St Ambrose College,St Ambrose College,300.0,1
GB283522304,Bikeright Ltd,Bikeright Ltd,300.0,1
168762,British Blind Spot,British Blind Spot,300.0,1
GB228915584,Planning Jungle Ltd,Planning Jungle Ltd,300.0,1
109325,Altrincham Concert Band,Altrincham Concert Band,300.0,1
162711,Association of YOT Managers Ltd,Association of YOT Managers Ltd,300.0,1
162241,Your Chapter Res Serv,Your Chapter Res Serv,300.0,1
166871,Homeground Management Limited,Homeground Management Limited,300.0,1
166468,Yew Tree Primary School,Yew Tree Primary School,300.0,1
GB238534158,Which Limited,Which Limited,297.0,5
164072,Imagine Childcare Ltd,Imagine Childcare Ltd,295.66999999999996,3
168790,Tying The Knot Ltd,Tying The Knot Ltd,295.0,1
GB116906711,Healthcare Conferences UK,Healthcare Conferences UK,295.0,1
GB430243639,H&M Flooring Contracts Ltd,H&M Flooring Contracts Ltd,291.67,1
GB431008840,Tailored Flooring Services Ltd,Tailored Flooring Services Ltd,291.67,1
GB477794869,The Helping Hand Co (Ledbury) Ltd,The Helping Hand Co (Ledbury) Ltd,291.66999999999996,3
GB834575703,VoiceAbility Advocacy,VoiceAbility Advocacy,289.35,1
167608,Parisa E Buckley T/A PositiveVibes,Parisa E Buckley T/A PositiveVibes,280.0,2
163109,The Aim Project,The Aim Project,280.0,1
GB758550010,Dubit Ltd,Dubit Ltd,280.0,1
138201,Positive Eye Ltd,Positive Eye Ltd,280.0,2
168186,Ugoalah Consulting Ltd,Ugoalah Consulting Ltd,280.0,1
GB945693968,North Lakes Children`s Services Ltd,Orange Grove Fostercare Ltd,278.5600000000004,2
103828,Rossendale Borough Council,Rossendale Borough Council,275.53,1
168150,Cloud 9 Events Ltd,Cloud 9 Events Ltd,275.0,1
168473,Manchester Fruit Tree Cooperative L,Manchester Fruit Tree Cooperative L,275.0,1
GB915215350,Pharmacy Care Plus Ltd T/A Reeds Ph,Pharmacy Care Plus Ltd T/A Reeds Ph,270.68,16
168065,The Drama Mob Management,The Drama Mob Management,270.0,1
168194,Birmingham Womenâs & Childrenâs NHS,Birmingham Womenâs & Childrenâs NHS,270.0,3
GB180120552,V3 Creative,V3 Creative,270.0,1
168238,SOCIETE DES AUTEURS ET COMPOSITEURS,SOCIETE DES AUTEURS ET COMPOSITEURS,266.45,2
GB477932050,D Hub Systems Ltd,D Hub Systems Ltd,265.0,1
168860,CULCHETH MEDICAL LTD,CULCHETH MEDICAL LTD,260.0,1
141052,The Avenue Methodist Church,The Avenue Methodist Church,258.0,1
GB805793118,KV2 Audio Europe Ltd,KV2 Audio Europe Ltd,256.6,1
167796,M Salloo C/O Hajra Salloo,M Salloo C/O Hajra Salloo,256.46,1
168260,Oyez Arts Ltd,Oyez Arts Ltd,254.4,2
GB978774341,AD Merchandise Ltd,AD Merchandise Ltd,252.0,1
GB570899785,Clofield Ltd,Clofield Ltd,251.12,8
GB727102071,Skills & Work Solutions (GC Employm,Skills and Work Solutions (GC Educa,250.0,1
168974,Omega Legal Services Limited,Omega Legal Services Limited,250.0,3
GB478751245,Altrincham Prepartarory School,Altrincham Prepartarory School,250.0,1
GB732764034,Castlefield Gallery Ltd,Castlefield Gallery Ltd,250.0,1
GB844127044,MA Exhibitions Ltd,MA Exhibitions Ltd,250.0,1
168014,Unique Talent CIC,Unique Talent CIC,250.0,1
164833,Coalesce Dance Theatre LTD,Coalesce Dance Theatre LTD,250.0,1
GB158696257,ABC Food Law Ltd,ABC Food Law Ltd,250.0,1
GB413633086,ADT Fire & Security PLC,ADT Fire & Security PLC,250.0,1
109554,Stretford Brass Band,Stretford Brass Band,250.0,1
GB897476252,Massive Technical Solutions Ltd,Massive Technical Solutions Ltd,250.0,2
GB217915261,Timpson Limited,Timpson Limited,249.73000000000002,2
168318,Hope-Borland Associates Ltd,Hope-Borland Associates Ltd,247.38,1
GB620310212,Ulverscroft Large Print Books Ltd,Ulverscroft Large Print Books Ltd,246.20000000000002,3
GB921489415,11:11 Systems UK Limited,11:11 Systems UK Limited,245.32,7
GB760107952,National Portage Association,National Portage Association,240.0,2
102876,Partington Methodist Church,Partington Methodist Church,240.0,1
GB654465322,South Tyneside & Sunderland NHS FT,South Tyneside & Sunderland NHS FT,234.0,1
164944,Kat Arnold T/A Katsillustration,Kat Arnold T/A Katsillustration,231.73,5
168446,Zappy Designs,Zappy Designs,230.0,2
GB707761524,Jigsaw Homes North - GENERAL,Jigsaw Homes North - RENT,228.04,1
GB923405349,Gag Reflex Management,Gag Reflex Ltd,225.0,1
GB731284057,The White Paper Conference Company,The White Paper Conference Company,224.0,1
GB257824475,A.I CATERING SERVICES LTD,A.I CATERING SERVICES LTD,220.83,1
168472,SHK & Co,SHK & Co,220.0,1
GB927365991,Tameng Care Limited,Tameng Care Limited,217.43,1
GB603773056,Surefold Ltd,Surefold Ltd,210.0,1
GB450084518,Attention Autism Ltd,Attention Autism Ltd,210.0,1
GB654935407,Oxford University Hospitals NHS FT,Oxford University Hospitals NHS FT,208.49,2
GB878380769,M I Banks Solictors,M I Banks Solictors,208.33,1
GB732822345,Inclusive Technology Ltd,Inclusive Technology Ltd,207.5,2
GB146396543,J W Gaskell (Heating Engineers) Ltd,J W Gaskell (Heating Engineers) Ltd,207.04,2
167849,The Dianne Oxberry Trust,The Dianne Oxberry Trust,200.0,1
168078,NAFAO - National Association of Fin,NAFAO - National Association of Fin,200.0,1
163347,Chorlton High School,Chorlton High School,200.0,1
GB927441517,The Bridgewater Canal Company Ltd,The Bridgewater Canal Company Ltd,200.0,4
167524,Asthma And Lung UK,Asthma And Lung UK,200.0,1
167553,Just Face Painting Manchester,Just Face Painting Manchester,200.0,1
GB823836714,Simpson Millar T/A Simpson Millar L,Simpson Millar T/A Simpson Millar L,200.0,1
154368,Independent Choices Greater Manches,Independent Choices Greater Manches,200.0,1
168531,Frank Communications CIC,Frank Communications CIC,200.0,1
GB924763995,Total ID Ltd,Total ID Ltd,199.95,2
GB985222306,Local Registration Services Assoc,Local Registration Services Assoc,198.0,2
GB220530268,Collective Enterprises Limited T/A,Collective Enterprises Limited T/A,190.0,1
10070,The National Trust,The National Trust,188.24,9
GB654439322,Uni Hosp Sussex NHS FT,Uni Hosp Sussex NHS FT,187.72000000000003,2
GB866734188,K&R Bades Ltd,K&R Bades Ltd,186.9,2
167724,LuxeStayRooms Ltd,LuxeStayRooms Ltd,180.0,1
162165,MBT Removals,MBT Removals,180.0,2
GB479724634,Chorlton Bike Deliveries,Chorlton Bike Deliveries,180.0,2
160469,Rehabilitation Workers Prof Network,Rehabilitation Workers Prof Network,180.0,2
GB420265730,CT Trophies Ltd,CT Trophies Ltd,177.91,2
GB462876750,Family Planning Ltd,Family Planning Ltd,176.25,1
119411,NASACRE / National Association of S,NASACRE / National Association of S,175.0,2
167853,Shakira Kemi Precious Andoh,Shakira Kemi Precious Andoh,174.4,2
GB386321878,Findel Education Ltd,Findel Education Ltd,173.28,7
162857,Intus Lettings Ltd,Intus Lettings Ltd,173.0,1
167693,BELLEVUE GROUP PRACTICE,BELLEVUE GROUP PRACTICE,172.0,2
168660,MCF - MONEY CARER FOUNDATION,MCF - MONEY CARER FOUNDATION,170.0,1
159287,Families 1st Ltd t/a Kickstart,Families 1st Ltd t/a Kickstart,167.0,1
GB156705359,Crelling Harnesses For Disabled Ltd,Crelling Harnesses For Disabled Ltd,164.8,2
GB305830425,Medico Legal North West (MLNW),Medico Legal North West (MLNW),162.0,3
GB779994039,Teaching Personnel Ltd,Fleet Education Services Ltd.,162.0,2
168161,HomeJames Plumbing,HomeJames Plumbing,160.0,1
108682,3rd Trafford Boys Brigade,3rd Trafford Boys Brigade,160.0,2
GB587857758,Meaco (UK) Ltd,Meaco (UK) Ltd,158.26999999999998,3
GB278097360,AMNI Transportation Ltd,AMNI Transportation Ltd,152.5,1
GB166332467,Bluecoat Display Centre,Bluecoat Display Centre,150.0,1
GB837047618,APPCx Community,APPCx Community,150.0,1
168439,8th Trafford Boys Brigade,8th Trafford Boys Brigade,150.0,2
168445,True Foxes,True Foxes,150.0,1
166745,Olivia Barber ceramics,Olivia Barber ceramics,150.0,1
167639,Amy Lever,Amy Lever,150.0,1
167587,The Empty Homes Network,The Empty Homes Network,150.0,1
167938,Sarah Ray,Sarah Ray,150.0,1
168081,The Long Covid Clinic,The Long Covid Clinic,150.0,1
GB654948491,Univ Hosp Bristol NHS Found Tr,Univ Hosp Bristol NHS Found Tr,149.09,1
137570,CELEBRATION PARTY SHOP,CELEBRATION PARTY SHOP,149.0,3
GB278441924,Hollowood Chemist Ltd (Sale),Hollowood Chemist Ltd (Ashton on M),148.44,9
GB190316521,Empire Medicines Ltd,Empire Medicines Ltd,147.87,8
GB149191256,The Willows Primary School,All Saints Cath Prim Sch FUND ACCOU,142.11,1
166691,Altrincham Linen Hire,Altrincham Linen Hire,141.6,1
10131,The Mayor's Land Charity,The Mayor's Land Charity,140.0,2
GB689238479,Laca Ltd,Laca Ltd,138.0,1
GB795862660,Chartered Trading Standards Inst,ACTSO,138.0,1
GB654924414,Barking Havering & Redbridge Uni NH,Barking Havering & Redbridge Uni NH,136.0,1
155446,Write Out Loud 2015 CIC,Write Out Loud 2015 CIC,127.5,3
10060,Tapestart Ltd,Tapestart Ltd,127.36,11
GB654405836,Calderdale and Huddersfield NHS Tru,Calderdale and Huddersfield NHS Tru,123.0,1
GB690808117,Child Poverty Action Group,National Assoc of Welfare Rights Ad,120.0,1
101759,Child Concern,Child Concern,120.0,2
168571,Crawshawbooth Community Association,Crawshawbooth Community Association,120.0,1
GB816479991,AVR Transcription Ltd,AVR Transcription Ltd,118.8,1
GB439475808,Security Monitoring Centres Ltd,Security Monitoring Centres Ltd,116.59,10
GB125862409,City Health Care Partnership CICÂ,City Health Care Partnership CICÂ,112.0,1
GB654919011,Dorset HealthCare University NHS FT,Dorset HealthCare University NHS FT,104.0,1
GB654412253,Hampshire & IOW Healthcare NHS FT,Hampshire & IOW Healthcare NHS FT,103.0,1
GB276322303,Personnel Checks Limited,Personnel Checks Limited,102.0,3
GB343049908,Trust Payments (UK) Ltd,Trust Payments (UK) Ltd,100.77,13
GB247711696,The Lowry Centre Trust,The Lowry Centre Trust,100.0,1
167247,Tyldesley Primary School,Tyldesley Primary School,100.0,1
167691,Sophie Sully T/A Sophie Sully Music,Sophie Sully T/A Sophie Sully Music,100.0,1
GB400997886,Extinguisher hire ltd,Extinguisher hire ltd,100.0,1
167559,Causeway Charitable Services,Causeway Charitable Services,100.0,1
GB211909430,Stockton Arts Centre,Stockton Arts Centre,100.0,1
GB121293014,National Society of Allotment & Lei,National Society of Allotment & Lei,100.0,1
GB375522052,Baker Ross Ltd,Baker Ross Ltd,98.50999999999999,7
GB654928206,Lewisham & Greenwich NHS Trust,Lewisham & Greenwich NHS Trust,93.28,1
GB807123752,Blue Diamond UK Ltd T/A Fryers GC,Blue Diamond UK Ltd T/A Fryers GC,92.99000000000001,2
GB125484611,Tardis Environmental UK Ltd,Tardis Environmental UK Ltd,90.0,1
GB981231133,Eyecan,Eyecan,90.0,2
GB281308175,Daymark Ltd t/a Labelsonline Limite,Daymark Ltd t/a Labelsonline Limite,80.99,2
165017,Rachel Liversedge T/A Arch n Co,Rachel Liversedge T/A Arch n Co,78.0,3
127867,St Anneâs with St Francis Sale Moor,St Anneâs with St Francis Sale Moor,75.0,1
167655,Spectrum Community Health CIC,Spectrum Community Health CIC,73.88,1
165556,Middlewood Partnership,Middlewood Partnership,73.86,1
GB231755810,Ken Fraser Florists Ltd,Ken Fraser Florists Ltd,70.83,3
149478,Depaul UK,Depaul UK,70.79,1
165841,Twilx Ltd,Twilx Ltd,70.0,1
161945,Jo Wathan T/A Charming Badger,Jo Wathan T/A Charming Badger,68.9,1
GB322830919,Nonsuch Studios,Nonsuch Studios,68.68,1
161770,Alison Greyer t/a Prints and Press,Alison Greyer t/a Prints and Press,66.31,2
168809,The Little People Pre-School,The Little People Pre-School,65.0,1
GB729856187,University of Birmingham,University of Birmingham,65.0,1
GB654927209,Kingston & Richmond NHS FT,Kingston & Richmond NHS FT,55.68,1
120534,Stephen Holliday Piano Services,Stephen Holliday Piano Services,55.0,1
10081,Shenstone Properties Ltd,Shenstone Properties Ltd,52.0,5
GB222516987,LLoyds Pharmacy (Delamere Centre),LLoyds Pharmacy (Delamere Centre),51.95,4
GB391549817,Cruse Bereavement Support,Cruse Bereavement Support,50.0,1
168188,Sharon Rutherford T/A The Creepy Cr,Sharon Rutherford T/A The Creepy Cr,50.0,1
GB851982593,Alarm Ltd,Alarm Ltd,50.0,1
GB931571333,Benefits and Work Publishing Ltd,Benefits and Work Publishing Ltd,48.42,1
10010,MORGOED ESTATES LIMITED,MORGOED ESTATES LIMITED,47.199999999999996,4
GB925125344,Applied Psychology ServicesÂ,Applied Psychology ServicesÂ,46.8,1
GB684966762,British Gas,BRITISH GAS TRADING LTD,41.46,1
168590,St Georgeâs Church Altrincham,St Georgeâs Church Altrincham,40.0,1
GB785232024,Trafford Cars Ltd T/A Passenger Car,Trafford Cars Ltd T/A Passenger Car,38.0,1
GB457463424,Cohens Chemist (Altrincham),Cohens Chemist (Stretford),37.04,3
149203,Assoc for Education Welfare Man,Assoc for Education Welfare Man,35.0,1
167302,Ann Charlish T/A Ann Charlish Studi,Ann Charlish T/A Ann Charlish Studi,33.8,1
GB603310795,Nestburg Ltd T/A Limelight Pharmacy,Nestburg Ltd T/A Limelight Pharmacy,33.29,5
118842,Ewing Foundation,Ewing Foundation,30.0,1
151137,Greater Manchester Sports & Partner,Greater Manchester Sports & Partner,30.0,1
168322,Northern Information Governance For,Northern Information Governance For,25.0,1
110363,NNCEE,NNCEE,25.0,1
GB335682191,MRS Sharief Health Ltd Hale Barns,MRS Sharief Health Ltd Hale Barns,24.05,2
GB176472775,WEC Group Ltd,WEC Group Ltd,18.72,1
GB240692764,The British Library,The British Library,13.45,2
168747,Sam Holmes Design,Sam Holmes Design,12.75,1
GB125488011,Landmark Collections Ltd,Landmark Collections Ltd,12.5,3
10151,MCS Property Ltd,MCS Property Ltd,11.5,2
10126,Higsons (Manchester) Limited,Higsons (Manchester) Limited,11.0,2
10050,Sale Educational Foundation,Sale Educational Foundation,10.7,1
10058,Urbanpoint Property Management Ltd,Urbanpoint Property Management Ltd,4.5,1
10106,The National Trust,The National Trust,3.25,5
GB927441517,The Bridgewater Canal Company Ltd,Peel Investments (North) Ltd,0.5,1
GB174394344,Forbes Solicitors LLP,Forbes Solicitors LLP,0.0,30
